<?xml version='1.0' encoding='utf-8'?>
<gpx version="1.1" creator="Australian Track GeoJSON to GPX converter" xmlns="http://www.topografix.com/GPX/1/1" xmlns:xsi="http://www.w3.org/2001/XMLSchema-instance" xsi:schemaLocation="http://www.topografix.com/GPX/1/1 http://www.topografix.com/GPX/1/1/gpx.xsd"><metadata><name>Sydney Motorsport Park - Brabham</name><desc>Race circuit layout centreline; no geofence data.</desc><link href="https://docs.emtronaustralia.com.au/tracks/AUS/Sydney%20Motorsport%20Park%20-%20Brabham.geojson" /></metadata><trk><name>Sydney Motorsport Park - Brabham segment 1</name><trkseg><trkpt lat="-33.80368613" lon="150.87095654"><ele>55.535</ele></trkpt><trkpt lat="-33.80383276" lon="150.87092177"><ele>55.314</ele></trkpt></trkseg></trk><trk><name>Sydney Motorsport Park - Brabham segment 2</name><trkseg><trkpt lat="-33.80382413" lon="150.87092392"><ele>55.343</ele></trkpt><trkpt lat="-33.80353779" lon="150.86924423"><ele>53.685</ele></trkpt><trkpt lat="-33.80350639" lon="150.86905059"><ele>52.840</ele></trkpt><trkpt lat="-33.80339045" lon="150.86834722"><ele>52.982</ele></trkpt><trkpt lat="-33.80338822" lon="150.86832183"><ele>52.950</ele></trkpt><trkpt lat="-33.80338460" lon="150.86828985"><ele>52.913</ele></trkpt><trkpt lat="-33.80338350" lon="150.86826280"><ele>52.905</ele></trkpt><trkpt lat="-33.80337824" lon="150.86822330"><ele>52.744</ele></trkpt><trkpt lat="-33.80337498" lon="150.86817327"><ele>52.731</ele></trkpt><trkpt lat="-33.80337029" lon="150.86811071"><ele>52.615</ele></trkpt><trkpt lat="-33.80336733" lon="150.86807294"><ele>52.507</ele></trkpt><trkpt lat="-33.80336635" lon="150.86803566"><ele>52.395</ele></trkpt><trkpt lat="-33.80336776" lon="150.86799016"><ele>52.305</ele></trkpt><trkpt lat="-33.80337034" lon="150.86793316"><ele>52.265</ele></trkpt><trkpt lat="-33.80337455" lon="150.86788284"><ele>52.242</ele></trkpt><trkpt lat="-33.80338008" lon="150.86782907"><ele>52.224</ele></trkpt><trkpt lat="-33.80338539" lon="150.86778747"><ele>52.195</ele></trkpt><trkpt lat="-33.80339370" lon="150.86771060"><ele>52.078</ele></trkpt><trkpt lat="-33.80340253" lon="150.86765100"><ele>51.966</ele></trkpt><trkpt lat="-33.80341345" lon="150.86759009"><ele>51.910</ele></trkpt><trkpt lat="-33.80341921" lon="150.86754770"><ele>51.872</ele></trkpt><trkpt lat="-33.80342801" lon="150.86750078"><ele>51.827</ele></trkpt><trkpt lat="-33.80344257" lon="150.86742453"><ele>51.749</ele></trkpt><trkpt lat="-33.80345473" lon="150.86737949"><ele>51.699</ele></trkpt><trkpt lat="-33.80346195" lon="150.86734913"><ele>51.621</ele></trkpt><trkpt lat="-33.80347059" lon="150.86731805"><ele>51.537</ele></trkpt><trkpt lat="-33.80348322" lon="150.86727796"><ele>51.495</ele></trkpt><trkpt lat="-33.80349298" lon="150.86724454"><ele>51.443</ele></trkpt><trkpt lat="-33.80350251" lon="150.86721085"><ele>51.391</ele></trkpt><trkpt lat="-33.80351109" lon="150.86718618"><ele>51.383</ele></trkpt><trkpt lat="-33.80352231" lon="150.86715604"><ele>51.318</ele></trkpt><trkpt lat="-33.80353411" lon="150.86712728"><ele>51.339</ele></trkpt><trkpt lat="-33.80355023" lon="150.86709410"><ele>51.368</ele></trkpt><trkpt lat="-33.80357430" lon="150.86704111"><ele>51.344</ele></trkpt><trkpt lat="-33.80360231" lon="150.86698234"><ele>51.330</ele></trkpt><trkpt lat="-33.80362775" lon="150.86693004"><ele>51.309</ele></trkpt><trkpt lat="-33.80365480" lon="150.86687646"><ele>51.228</ele></trkpt><trkpt lat="-33.80368809" lon="150.86682009"><ele>51.134</ele></trkpt><trkpt lat="-33.80372559" lon="150.86675757"><ele>51.080</ele></trkpt><trkpt lat="-33.80375525" lon="150.86670901"><ele>51.098</ele></trkpt><trkpt lat="-33.80378788" lon="150.86666448"><ele>51.210</ele></trkpt><trkpt lat="-33.80381583" lon="150.86662570"><ele>51.177</ele></trkpt><trkpt lat="-33.80385006" lon="150.86658260"><ele>51.103</ele></trkpt><trkpt lat="-33.80388876" lon="150.86653659"><ele>50.964</ele></trkpt><trkpt lat="-33.80390883" lon="150.86651203"><ele>50.816</ele></trkpt><trkpt lat="-33.80392675" lon="150.86649189"><ele>50.770</ele></trkpt><trkpt lat="-33.80394952" lon="150.86646754"><ele>50.796</ele></trkpt><trkpt lat="-33.80397817" lon="150.86643735"><ele>50.844</ele></trkpt><trkpt lat="-33.80400031" lon="150.86641378"><ele>50.942</ele></trkpt><trkpt lat="-33.80405282" lon="150.86636288"><ele>51.044</ele></trkpt><trkpt lat="-33.80408950" lon="150.86633123"><ele>51.074</ele></trkpt><trkpt lat="-33.80414155" lon="150.86629093"><ele>51.074</ele></trkpt><trkpt lat="-33.80418262" lon="150.86626015"><ele>51.074</ele></trkpt><trkpt lat="-33.80423240" lon="150.86622465"><ele>51.074</ele></trkpt><trkpt lat="-33.80428079" lon="150.86619151"><ele>51.407</ele></trkpt><trkpt lat="-33.80434638" lon="150.86615037"><ele>51.537</ele></trkpt><trkpt lat="-33.80440105" lon="150.86612051"><ele>51.568</ele></trkpt><trkpt lat="-33.80446374" lon="150.86608770"><ele>51.600</ele></trkpt><trkpt lat="-33.80452587" lon="150.86605774"><ele>51.692</ele></trkpt><trkpt lat="-33.80456664" lon="150.86604284"><ele>51.692</ele></trkpt><trkpt lat="-33.80463004" lon="150.86602118"><ele>51.775</ele></trkpt><trkpt lat="-33.80467323" lon="150.86600579"><ele>51.748</ele></trkpt><trkpt lat="-33.80478589" lon="150.86597605"><ele>51.881</ele></trkpt><trkpt lat="-33.80484496" lon="150.86596236"><ele>52.343</ele></trkpt><trkpt lat="-33.80488001" lon="150.86595103"><ele>52.477</ele></trkpt><trkpt lat="-33.80491342" lon="150.86594034"><ele>52.536</ele></trkpt><trkpt lat="-33.80494126" lon="150.86593219"><ele>52.579</ele></trkpt><trkpt lat="-33.80496451" lon="150.86592541"><ele>52.600</ele></trkpt><trkpt lat="-33.80520605" lon="150.86582854"><ele>53.083</ele></trkpt><trkpt lat="-33.80522486" lon="150.86581885"><ele>53.049</ele></trkpt><trkpt lat="-33.80526349" lon="150.86580665"><ele>52.956</ele></trkpt><trkpt lat="-33.80555231" lon="150.86570969"><ele>52.772</ele></trkpt><trkpt lat="-33.80588139" lon="150.86559830"><ele>53.697</ele></trkpt><trkpt lat="-33.80631104" lon="150.86544946"><ele>53.548</ele></trkpt><trkpt lat="-33.80668089" lon="150.86531904"><ele>54.446</ele></trkpt><trkpt lat="-33.80689836" lon="150.86524202"><ele>54.588</ele></trkpt><trkpt lat="-33.80694893" lon="150.86522353"><ele>54.628</ele></trkpt><trkpt lat="-33.80696713" lon="150.86521965"><ele>54.628</ele></trkpt><trkpt lat="-33.80698794" lon="150.86521561"><ele>54.628</ele></trkpt><trkpt lat="-33.80700975" lon="150.86521582"><ele>54.680</ele></trkpt><trkpt lat="-33.80703508" lon="150.86521795"><ele>54.753</ele></trkpt><trkpt lat="-33.80706439" lon="150.86522246"><ele>54.819</ele></trkpt><trkpt lat="-33.80709237" lon="150.86522970"><ele>54.892</ele></trkpt><trkpt lat="-33.80711785" lon="150.86524340"><ele>54.924</ele></trkpt><trkpt lat="-33.80713913" lon="150.86525710"><ele>54.877</ele></trkpt><trkpt lat="-33.80715847" lon="150.86527585"><ele>54.925</ele></trkpt><trkpt lat="-33.80717737" lon="150.86529514"><ele>54.988</ele></trkpt><trkpt lat="-33.80719614" lon="150.86532142"><ele>55.112</ele></trkpt><trkpt lat="-33.80721808" lon="150.86534904"><ele>55.300</ele></trkpt><trkpt lat="-33.80723882" lon="150.86538142"><ele>55.535</ele></trkpt><trkpt lat="-33.80726278" lon="150.86541820"><ele>55.797</ele></trkpt><trkpt lat="-33.80727738" lon="150.86544597"><ele>55.926</ele></trkpt><trkpt lat="-33.80729167" lon="150.86547738"><ele>56.103</ele></trkpt><trkpt lat="-33.80730675" lon="150.86551757"><ele>56.368</ele></trkpt><trkpt lat="-33.80731397" lon="150.86555121"><ele>56.644</ele></trkpt><trkpt lat="-33.80731606" lon="150.86558469"><ele>56.728</ele></trkpt><trkpt lat="-33.80731776" lon="150.86561975"><ele>56.843</ele></trkpt><trkpt lat="-33.80731689" lon="150.86565989"><ele>57.087</ele></trkpt><trkpt lat="-33.80731491" lon="150.86569230"><ele>57.327</ele></trkpt><trkpt lat="-33.80730860" lon="150.86572396"><ele>57.535</ele></trkpt><trkpt lat="-33.80730020" lon="150.86575636"><ele>57.701</ele></trkpt><trkpt lat="-33.80729119" lon="150.86578518"><ele>57.846</ele></trkpt><trkpt lat="-33.80727985" lon="150.86581063"><ele>57.950</ele></trkpt><trkpt lat="-33.80727083" lon="150.86583084"><ele>57.988</ele></trkpt><trkpt lat="-33.80725879" lon="150.86585179"><ele>58.054</ele></trkpt><trkpt lat="-33.80724497" lon="150.86587293"><ele>58.127</ele></trkpt><trkpt lat="-33.80723004" lon="150.86588998"><ele>58.189</ele></trkpt><trkpt lat="-33.80721174" lon="150.86591053"><ele>58.264</ele></trkpt><trkpt lat="-33.80719041" lon="150.86592974"><ele>58.338</ele></trkpt><trkpt lat="-33.80717198" lon="150.86594397"><ele>58.395</ele></trkpt><trkpt lat="-33.80714999" lon="150.86595733"><ele>58.524</ele></trkpt><trkpt lat="-33.80712710" lon="150.86596988"><ele>58.581</ele></trkpt><trkpt lat="-33.80711202" lon="150.86597712"><ele>58.665</ele></trkpt><trkpt lat="-33.80709391" lon="150.86598414"><ele>58.717</ele></trkpt><trkpt lat="-33.80707697" lon="150.86598953"><ele>58.761</ele></trkpt><trkpt lat="-33.80705521" lon="150.86599374"><ele>58.805</ele></trkpt><trkpt lat="-33.80703679" lon="150.86599666"><ele>58.840</ele></trkpt><trkpt lat="-33.80701396" lon="150.86599889"><ele>58.878</ele></trkpt><trkpt lat="-33.80699090" lon="150.86599695"><ele>58.908</ele></trkpt><trkpt lat="-33.80697299" lon="150.86599562"><ele>58.896</ele></trkpt><trkpt lat="-33.80695138" lon="150.86599157"><ele>58.839</ele></trkpt><trkpt lat="-33.80691643" lon="150.86598485"><ele>58.748</ele></trkpt><trkpt lat="-33.80656546" lon="150.86590674"><ele>58.436</ele></trkpt><trkpt lat="-33.80654208" lon="150.86590621"><ele>58.464</ele></trkpt><trkpt lat="-33.80651593" lon="150.86590378"><ele>58.478</ele></trkpt><trkpt lat="-33.80649125" lon="150.86590330"><ele>58.390</ele></trkpt><trkpt lat="-33.80647401" lon="150.86590388"><ele>58.328</ele></trkpt><trkpt lat="-33.80643585" lon="150.86590489"><ele>58.232</ele></trkpt><trkpt lat="-33.80629545" lon="150.86592918"><ele>58.091</ele></trkpt><trkpt lat="-33.80627709" lon="150.86593354"><ele>58.028</ele></trkpt><trkpt lat="-33.80625658" lon="150.86594027"><ele>58.028</ele></trkpt><trkpt lat="-33.80623486" lon="150.86594739"><ele>58.024</ele></trkpt><trkpt lat="-33.80621056" lon="150.86595407"><ele>57.950</ele></trkpt><trkpt lat="-33.80615189" lon="150.86597916"><ele>57.850</ele></trkpt><trkpt lat="-33.80612386" lon="150.86599272"><ele>57.719</ele></trkpt><trkpt lat="-33.80609995" lon="150.86600302"><ele>57.635</ele></trkpt><trkpt lat="-33.80607116" lon="150.86601842"><ele>57.541</ele></trkpt><trkpt lat="-33.80605100" lon="150.86603022"><ele>57.483</ele></trkpt><trkpt lat="-33.80602546" lon="150.86604666"><ele>57.410</ele></trkpt><trkpt lat="-33.80599980" lon="150.86606429"><ele>57.348</ele></trkpt><trkpt lat="-33.80597578" lon="150.86608137"><ele>57.290</ele></trkpt><trkpt lat="-33.80595014" lon="150.86609869"><ele>57.198</ele></trkpt><trkpt lat="-33.80591654" lon="150.86612793"><ele>57.255</ele></trkpt><trkpt lat="-33.80588901" lon="150.86615292"><ele>57.255</ele></trkpt><trkpt lat="-33.80586170" lon="150.86617769"><ele>57.255</ele></trkpt><trkpt lat="-33.80584497" lon="150.86619697"><ele>57.282</ele></trkpt><trkpt lat="-33.80582642" lon="150.86621723"><ele>57.355</ele></trkpt><trkpt lat="-33.80580073" lon="150.86624877"><ele>57.469</ele></trkpt><trkpt lat="-33.80577677" lon="150.86627908"><ele>57.564</ele></trkpt><trkpt lat="-33.80575275" lon="150.86631114"><ele>57.564</ele></trkpt><trkpt lat="-33.80572582" lon="150.86635111"><ele>57.643</ele></trkpt><trkpt lat="-33.80570074" lon="150.86639120"><ele>57.673</ele></trkpt><trkpt lat="-33.80568044" lon="150.86642383"><ele>57.697</ele></trkpt><trkpt lat="-33.80566291" lon="150.86645623"><ele>57.719</ele></trkpt><trkpt lat="-33.80564313" lon="150.86649852"><ele>57.700</ele></trkpt><trkpt lat="-33.80562685" lon="150.86653484"><ele>57.773</ele></trkpt><trkpt lat="-33.80561073" lon="150.86657304"><ele>57.827</ele></trkpt><trkpt lat="-33.80559973" lon="150.86660725"><ele>57.896</ele></trkpt><trkpt lat="-33.80558621" lon="150.86665094"><ele>58.003</ele></trkpt><trkpt lat="-33.80557159" lon="150.86670677"><ele>58.093</ele></trkpt><trkpt lat="-33.80555491" lon="150.86677763"><ele>58.133</ele></trkpt><trkpt lat="-33.80554351" lon="150.86683053"><ele>58.217</ele></trkpt><trkpt lat="-33.80553643" lon="150.86687527"><ele>58.270</ele></trkpt><trkpt lat="-33.80553109" lon="150.86692292"><ele>58.409</ele></trkpt><trkpt lat="-33.80552807" lon="150.86697581"><ele>58.491</ele></trkpt><trkpt lat="-33.80552662" lon="150.86703001"><ele>58.584</ele></trkpt><trkpt lat="-33.80552669" lon="150.86709413"><ele>58.785</ele></trkpt><trkpt lat="-33.80554998" lon="150.86762623"><ele>60.119</ele></trkpt><trkpt lat="-33.80558574" lon="150.86841207"><ele>60.064</ele></trkpt><trkpt lat="-33.80563398" lon="150.86948559"><ele>55.088</ele></trkpt><trkpt lat="-33.80564367" lon="150.86956951"><ele>55.055</ele></trkpt><trkpt lat="-33.80565048" lon="150.86960555"><ele>55.092</ele></trkpt><trkpt lat="-33.80565759" lon="150.86964325"><ele>55.069</ele></trkpt><trkpt lat="-33.80566178" lon="150.86967089"><ele>55.074</ele></trkpt><trkpt lat="-33.80567025" lon="150.86970093"><ele>55.145</ele></trkpt><trkpt lat="-33.80568604" lon="150.86974739"><ele>55.239</ele></trkpt><trkpt lat="-33.80570660" lon="150.86980205"><ele>55.295</ele></trkpt><trkpt lat="-33.80572786" lon="150.86985160"><ele>55.401</ele></trkpt><trkpt lat="-33.80574575" lon="150.86988885"><ele>55.401</ele></trkpt><trkpt lat="-33.80576203" lon="150.86991949"><ele>55.401</ele></trkpt><trkpt lat="-33.80578272" lon="150.86995409"><ele>55.518</ele></trkpt><trkpt lat="-33.80580591" lon="150.86999058"><ele>55.714</ele></trkpt><trkpt lat="-33.80582954" lon="150.87002654"><ele>55.870</ele></trkpt><trkpt lat="-33.80586143" lon="150.87006413"><ele>55.964</ele></trkpt><trkpt lat="-33.80589848" lon="150.87010183"><ele>56.252</ele></trkpt><trkpt lat="-33.80593756" lon="150.87013813"><ele>56.441</ele></trkpt><trkpt lat="-33.80598678" lon="150.87017849"><ele>56.669</ele></trkpt><trkpt lat="-33.80603294" lon="150.87020880"><ele>56.842</ele></trkpt><trkpt lat="-33.80607198" lon="150.87023233"><ele>57.083</ele></trkpt><trkpt lat="-33.80610027" lon="150.87024874"><ele>57.249</ele></trkpt><trkpt lat="-33.80613722" lon="150.87026545"><ele>57.421</ele></trkpt><trkpt lat="-33.80616757" lon="150.87027968"><ele>57.607</ele></trkpt><trkpt lat="-33.80620957" lon="150.87029587"><ele>57.795</ele></trkpt><trkpt lat="-33.80625111" lon="150.87030944"><ele>58.083</ele></trkpt><trkpt lat="-33.80628742" lon="150.87031683"><ele>58.332</ele></trkpt><trkpt lat="-33.80631894" lon="150.87032206"><ele>58.440</ele></trkpt><trkpt lat="-33.80635344" lon="150.87032645"><ele>58.481</ele></trkpt><trkpt lat="-33.80638499" lon="150.87032821"><ele>58.566</ele></trkpt><trkpt lat="-33.80641206" lon="150.87032852"><ele>58.635</ele></trkpt><trkpt lat="-33.80643502" lon="150.87032797"><ele>58.688</ele></trkpt><trkpt lat="-33.80645631" lon="150.87032707"><ele>58.735</ele></trkpt><trkpt lat="-33.80647676" lon="150.87032601"><ele>58.777</ele></trkpt><trkpt lat="-33.80650113" lon="150.87032330"><ele>58.785</ele></trkpt><trkpt lat="-33.80652608" lon="150.87031923"><ele>58.786</ele></trkpt><trkpt lat="-33.80655196" lon="150.87031438"><ele>58.784</ele></trkpt><trkpt lat="-33.80657303" lon="150.87030849"><ele>58.774</ele></trkpt><trkpt lat="-33.80659648" lon="150.87030313"><ele>58.768</ele></trkpt><trkpt lat="-33.80662074" lon="150.87029607"><ele>58.756</ele></trkpt><trkpt lat="-33.80678420" lon="150.87023102"><ele>58.651</ele></trkpt><trkpt lat="-33.80729749" lon="150.87001443"><ele>58.143</ele></trkpt><trkpt lat="-33.80748688" lon="150.86994075"><ele>57.929</ele></trkpt><trkpt lat="-33.80760342" lon="150.86990045"><ele>58.185</ele></trkpt><trkpt lat="-33.80762462" lon="150.86989549"><ele>58.299</ele></trkpt><trkpt lat="-33.80764605" lon="150.86989112"><ele>58.415</ele></trkpt><trkpt lat="-33.80767579" lon="150.86988815"><ele>58.706</ele></trkpt><trkpt lat="-33.80770189" lon="150.86988798"><ele>59.058</ele></trkpt><trkpt lat="-33.80772659" lon="150.86988893"><ele>59.195</ele></trkpt><trkpt lat="-33.80774573" lon="150.86989208"><ele>59.212</ele></trkpt><trkpt lat="-33.80777378" lon="150.86989673"><ele>59.348</ele></trkpt><trkpt lat="-33.80781677" lon="150.86990823"><ele>59.525</ele></trkpt><trkpt lat="-33.80785104" lon="150.86992314"><ele>59.574</ele></trkpt><trkpt lat="-33.80788026" lon="150.86993756"><ele>59.575</ele></trkpt><trkpt lat="-33.80790845" lon="150.86995364"><ele>59.573</ele></trkpt><trkpt lat="-33.80793161" lon="150.86997020"><ele>59.573</ele></trkpt><trkpt lat="-33.80795650" lon="150.86998861"><ele>59.723</ele></trkpt><trkpt lat="-33.80798100" lon="150.87001049"><ele>59.899</ele></trkpt><trkpt lat="-33.80800548" lon="150.87003113"><ele>60.116</ele></trkpt><trkpt lat="-33.80802949" lon="150.87005999"><ele>60.286</ele></trkpt><trkpt lat="-33.80804688" lon="150.87008191"><ele>60.504</ele></trkpt><trkpt lat="-33.80806290" lon="150.87010183"><ele>60.674</ele></trkpt><trkpt lat="-33.80808221" lon="150.87013255"><ele>60.964</ele></trkpt><trkpt lat="-33.80809670" lon="150.87015607"><ele>61.046</ele></trkpt><trkpt lat="-33.80810964" lon="150.87018443"><ele>61.135</ele></trkpt><trkpt lat="-33.80812502" lon="150.87021298"><ele>61.246</ele></trkpt><trkpt lat="-33.80813864" lon="150.87025128"><ele>61.571</ele></trkpt><trkpt lat="-33.80814848" lon="150.87028313"><ele>61.804</ele></trkpt><trkpt lat="-33.80816103" lon="150.87033208"><ele>62.130</ele></trkpt><trkpt lat="-33.80816818" lon="150.87036671"><ele>62.263</ele></trkpt><trkpt lat="-33.80817859" lon="150.87041757"><ele>62.493</ele></trkpt><trkpt lat="-33.80818688" lon="150.87046135"><ele>62.772</ele></trkpt><trkpt lat="-33.80819632" lon="150.87050500"><ele>63.058</ele></trkpt><trkpt lat="-33.80820526" lon="150.87055058"><ele>63.405</ele></trkpt><trkpt lat="-33.80829472" lon="150.87100216"><ele>66.125</ele></trkpt><trkpt lat="-33.80839105" lon="150.87147369"><ele>68.613</ele></trkpt><trkpt lat="-33.80860451" lon="150.87248962"><ele>70.245</ele></trkpt><trkpt lat="-33.80876019" lon="150.87325825"><ele>70.667</ele></trkpt><trkpt lat="-33.80877546" lon="150.87334042"><ele>70.765</ele></trkpt><trkpt lat="-33.80877721" lon="150.87335767"><ele>70.854</ele></trkpt><trkpt lat="-33.80877785" lon="150.87337650"><ele>70.854</ele></trkpt><trkpt lat="-33.80877560" lon="150.87339603"><ele>70.891</ele></trkpt><trkpt lat="-33.80877355" lon="150.87341119"><ele>70.926</ele></trkpt><trkpt lat="-33.80877094" lon="150.87342290"><ele>70.952</ele></trkpt><trkpt lat="-33.80876555" lon="150.87343586"><ele>70.977</ele></trkpt><trkpt lat="-33.80875888" lon="150.87344818"><ele>70.997</ele></trkpt><trkpt lat="-33.80875246" lon="150.87345981"><ele>71.017</ele></trkpt><trkpt lat="-33.80874474" lon="150.87347081"><ele>71.032</ele></trkpt><trkpt lat="-33.80873586" lon="150.87348174"><ele>71.044</ele></trkpt><trkpt lat="-33.80872516" lon="150.87349227"><ele>71.053</ele></trkpt><trkpt lat="-33.80871361" lon="150.87350193"><ele>71.084</ele></trkpt><trkpt lat="-33.80870497" lon="150.87351028"><ele>71.163</ele></trkpt><trkpt lat="-33.80869113" lon="150.87352043"><ele>71.163</ele></trkpt><trkpt lat="-33.80867742" lon="150.87353117"><ele>71.195</ele></trkpt><trkpt lat="-33.80866285" lon="150.87353909"><ele>71.261</ele></trkpt><trkpt lat="-33.80864856" lon="150.87354759"><ele>71.260</ele></trkpt><trkpt lat="-33.80863363" lon="150.87355647"><ele>71.242</ele></trkpt><trkpt lat="-33.80862160" lon="150.87356269"><ele>71.235</ele></trkpt><trkpt lat="-33.80860347" lon="150.87357174"><ele>71.231</ele></trkpt><trkpt lat="-33.80859172" lon="150.87357718"><ele>71.228</ele></trkpt><trkpt lat="-33.80848030" lon="150.87362668"><ele>71.428</ele></trkpt><trkpt lat="-33.80845787" lon="150.87363476"><ele>71.425</ele></trkpt><trkpt lat="-33.80843787" lon="150.87364163"><ele>71.377</ele></trkpt><trkpt lat="-33.80841982" lon="150.87364841"><ele>71.335</ele></trkpt><trkpt lat="-33.80840519" lon="150.87365115"><ele>71.304</ele></trkpt><trkpt lat="-33.80839159" lon="150.87365501"><ele>71.314</ele></trkpt><trkpt lat="-33.80837344" lon="150.87365935"><ele>71.328</ele></trkpt><trkpt lat="-33.80835130" lon="150.87366393"><ele>71.320</ele></trkpt><trkpt lat="-33.80833220" lon="150.87366548"><ele>71.291</ele></trkpt><trkpt lat="-33.80831494" lon="150.87367104"><ele>71.259</ele></trkpt><trkpt lat="-33.80830281" lon="150.87368023"><ele>71.268</ele></trkpt><trkpt lat="-33.80829014" lon="150.87369446"><ele>71.289</ele></trkpt><trkpt lat="-33.80828082" lon="150.87370750"><ele>71.314</ele></trkpt><trkpt lat="-33.80827016" lon="150.87372192"><ele>71.318</ele></trkpt><trkpt lat="-33.80826016" lon="150.87373691"><ele>71.353</ele></trkpt><trkpt lat="-33.80825068" lon="150.87375111"><ele>71.417</ele></trkpt><trkpt lat="-33.80823817" lon="150.87377017"><ele>71.498</ele></trkpt><trkpt lat="-33.80822805" lon="150.87378411"><ele>71.597</ele></trkpt><trkpt lat="-33.80821759" lon="150.87380009"><ele>71.683</ele></trkpt><trkpt lat="-33.80820105" lon="150.87382182"><ele>71.759</ele></trkpt><trkpt lat="-33.80818803" lon="150.87384166"><ele>71.866</ele></trkpt><trkpt lat="-33.80817392" lon="150.87386328"><ele>71.918</ele></trkpt><trkpt lat="-33.80816385" lon="150.87388128"><ele>71.961</ele></trkpt><trkpt lat="-33.80815272" lon="150.87390706"><ele>72.022</ele></trkpt><trkpt lat="-33.80815043" lon="150.87391142"><ele>72.033</ele></trkpt><trkpt lat="-33.80814231" lon="150.87393413"><ele>72.095</ele></trkpt><trkpt lat="-33.80813125" lon="150.87396438"><ele>72.225</ele></trkpt><trkpt lat="-33.80812224" lon="150.87399246"><ele>72.344</ele></trkpt><trkpt lat="-33.80811472" lon="150.87402025"><ele>72.460</ele></trkpt><trkpt lat="-33.80810862" lon="150.87404677"><ele>72.669</ele></trkpt><trkpt lat="-33.80810263" lon="150.87407408"><ele>72.841</ele></trkpt><trkpt lat="-33.80809866" lon="150.87409922"><ele>73.014</ele></trkpt><trkpt lat="-33.80809678" lon="150.87412309"><ele>73.173</ele></trkpt><trkpt lat="-33.80809553" lon="150.87414594"><ele>73.314</ele></trkpt><trkpt lat="-33.80809492" lon="150.87416776"><ele>73.446</ele></trkpt><trkpt lat="-33.80809593" lon="150.87419101"><ele>73.585</ele></trkpt><trkpt lat="-33.80809804" lon="150.87421870"><ele>73.636</ele></trkpt><trkpt lat="-33.80810016" lon="150.87425319"><ele>73.739</ele></trkpt><trkpt lat="-33.80810391" lon="150.87428209"><ele>73.844</ele></trkpt><trkpt lat="-33.80811016" lon="150.87430710"><ele>73.937</ele></trkpt><trkpt lat="-33.80811847" lon="150.87433741"><ele>74.127</ele></trkpt><trkpt lat="-33.80812641" lon="150.87436503"><ele>74.310</ele></trkpt><trkpt lat="-33.80813557" lon="150.87439062"><ele>74.466</ele></trkpt><trkpt lat="-33.80814638" lon="150.87441848"><ele>74.623</ele></trkpt><trkpt lat="-33.80815706" lon="150.87444544"><ele>74.734</ele></trkpt><trkpt lat="-33.80816904" lon="150.87447128"><ele>74.838</ele></trkpt><trkpt lat="-33.80817888" lon="150.87449741"><ele>74.915</ele></trkpt><trkpt lat="-33.80818894" lon="150.87452636"><ele>75.226</ele></trkpt><trkpt lat="-33.80819622" lon="150.87455645"><ele>75.498</ele></trkpt><trkpt lat="-33.80820176" lon="150.87458386"><ele>75.819</ele></trkpt><trkpt lat="-33.80820340" lon="150.87460773"><ele>76.030</ele></trkpt><trkpt lat="-33.80820692" lon="150.87462855"><ele>76.162</ele></trkpt><trkpt lat="-33.80820684" lon="150.87465679"><ele>76.323</ele></trkpt><trkpt lat="-33.80820529" lon="150.87468429"><ele>76.474</ele></trkpt><trkpt lat="-33.80820180" lon="150.87471366"><ele>76.683</ele></trkpt><trkpt lat="-33.80819704" lon="150.87473713"><ele>76.924</ele></trkpt><trkpt lat="-33.80819033" lon="150.87476162"><ele>77.126</ele></trkpt><trkpt lat="-33.80818564" lon="150.87478487"><ele>77.314</ele></trkpt><trkpt lat="-33.80817738" lon="150.87480693"><ele>77.450</ele></trkpt><trkpt lat="-33.80816796" lon="150.87482413"><ele>77.535</ele></trkpt><trkpt lat="-33.80815693" lon="150.87484570"><ele>77.638</ele></trkpt><trkpt lat="-33.80814764" lon="150.87486364"><ele>77.724</ele></trkpt><trkpt lat="-33.80813539" lon="150.87487946"><ele>77.818</ele></trkpt><trkpt lat="-33.80812271" lon="150.87489792"><ele>77.863</ele></trkpt><trkpt lat="-33.80810984" lon="150.87491256"><ele>78.108</ele></trkpt><trkpt lat="-33.80809702" lon="150.87492829"><ele>78.219</ele></trkpt><trkpt lat="-33.80808026" lon="150.87494535"><ele>78.348</ele></trkpt><trkpt lat="-33.80806516" lon="150.87495803"><ele>78.455</ele></trkpt><trkpt lat="-33.80804927" lon="150.87496910"><ele>78.576</ele></trkpt><trkpt lat="-33.80803265" lon="150.87498045"><ele>78.633</ele></trkpt><trkpt lat="-33.80801776" lon="150.87499027"><ele>78.770</ele></trkpt><trkpt lat="-33.80800020" lon="150.87500083"><ele>78.928</ele></trkpt><trkpt lat="-33.80798449" lon="150.87500865"><ele>79.070</ele></trkpt><trkpt lat="-33.80796504" lon="150.87501939"><ele>79.245</ele></trkpt><trkpt lat="-33.80794626" lon="150.87502919"><ele>79.414</ele></trkpt><trkpt lat="-33.80792413" lon="150.87503867"><ele>79.565</ele></trkpt><trkpt lat="-33.80790166" lon="150.87505069"><ele>79.685</ele></trkpt><trkpt lat="-33.80787492" lon="150.87506651"><ele>79.825</ele></trkpt><trkpt lat="-33.80784880" lon="150.87508055"><ele>79.980</ele></trkpt><trkpt lat="-33.80782620" lon="150.87509480"><ele>80.147</ele></trkpt><trkpt lat="-33.80780255" lon="150.87511006"><ele>80.219</ele></trkpt><trkpt lat="-33.80778174" lon="150.87512439"><ele>80.276</ele></trkpt><trkpt lat="-33.80775929" lon="150.87514217"><ele>80.340</ele></trkpt><trkpt lat="-33.80773886" lon="150.87515964"><ele>80.400</ele></trkpt><trkpt lat="-33.80771557" lon="150.87518148"><ele>80.496</ele></trkpt><trkpt lat="-33.80769573" lon="150.87520352"><ele>80.618</ele></trkpt><trkpt lat="-33.80767198" lon="150.87523251"><ele>80.743</ele></trkpt><trkpt lat="-33.80765249" lon="150.87525582"><ele>80.927</ele></trkpt><trkpt lat="-33.80763697" lon="150.87527959"><ele>80.992</ele></trkpt><trkpt lat="-33.80762254" lon="150.87530078"><ele>81.050</ele></trkpt><trkpt lat="-33.80760367" lon="150.87533063"><ele>81.099</ele></trkpt><trkpt lat="-33.80758957" lon="150.87536135"><ele>81.148</ele></trkpt><trkpt lat="-33.80757422" lon="150.87539216"><ele>81.213</ele></trkpt><trkpt lat="-33.80755750" lon="150.87543365"><ele>81.285</ele></trkpt><trkpt lat="-33.80754599" lon="150.87546995"><ele>81.272</ele></trkpt><trkpt lat="-33.80753274" lon="150.87550890"><ele>81.251</ele></trkpt><trkpt lat="-33.80752238" lon="150.87555068"><ele>81.220</ele></trkpt><trkpt lat="-33.80750996" lon="150.87559204"><ele>81.205</ele></trkpt><trkpt lat="-33.80749960" lon="150.87562765"><ele>81.009</ele></trkpt><trkpt lat="-33.80748976" lon="150.87566255"><ele>80.880</ele></trkpt><trkpt lat="-33.80747883" lon="150.87570000"><ele>80.899</ele></trkpt><trkpt lat="-33.80746411" lon="150.87573965"><ele>80.899</ele></trkpt><trkpt lat="-33.80745039" lon="150.87577700"><ele>80.805</ele></trkpt><trkpt lat="-33.80743610" lon="150.87580891"><ele>80.729</ele></trkpt><trkpt lat="-33.80742375" lon="150.87583328"><ele>80.696</ele></trkpt><trkpt lat="-33.80740662" lon="150.87587139"><ele>80.626</ele></trkpt><trkpt lat="-33.80739302" lon="150.87589870"><ele>80.531</ele></trkpt><trkpt lat="-33.80737657" lon="150.87593029"><ele>80.510</ele></trkpt><trkpt lat="-33.80736039" lon="150.87595898"><ele>80.373</ele></trkpt><trkpt lat="-33.80734308" lon="150.87598473"><ele>80.311</ele></trkpt><trkpt lat="-33.80732358" lon="150.87600787"><ele>80.073</ele></trkpt><trkpt lat="-33.80730463" lon="150.87603182"><ele>79.891</ele></trkpt><trkpt lat="-33.80728436" lon="150.87605042"><ele>79.714</ele></trkpt><trkpt lat="-33.80726462" lon="150.87606903"><ele>79.541</ele></trkpt><trkpt lat="-33.80724057" lon="150.87608690"><ele>79.288</ele></trkpt><trkpt lat="-33.80721555" lon="150.87610322"><ele>79.116</ele></trkpt><trkpt lat="-33.80719055" lon="150.87611471"><ele>78.934</ele></trkpt><trkpt lat="-33.80717266" lon="150.87612260"><ele>78.803</ele></trkpt><trkpt lat="-33.80714791" lon="150.87613056"><ele>78.733</ele></trkpt><trkpt lat="-33.80712438" lon="150.87613749"><ele>78.675</ele></trkpt><trkpt lat="-33.80710739" lon="150.87614005"><ele>78.642</ele></trkpt><trkpt lat="-33.80708729" lon="150.87614295"><ele>78.667</ele></trkpt><trkpt lat="-33.80706785" lon="150.87614581"><ele>78.667</ele></trkpt><trkpt lat="-33.80704597" lon="150.87614490"><ele>78.678</ele></trkpt><trkpt lat="-33.80702261" lon="150.87614361"><ele>78.564</ele></trkpt><trkpt lat="-33.80700174" lon="150.87614119"><ele>78.400</ele></trkpt><trkpt lat="-33.80697864" lon="150.87613824"><ele>78.241</ele></trkpt><trkpt lat="-33.80695460" lon="150.87613369"><ele>78.106</ele></trkpt><trkpt lat="-33.80693223" lon="150.87612637"><ele>77.959</ele></trkpt><trkpt lat="-33.80691256" lon="150.87611944"><ele>77.812</ele></trkpt><trkpt lat="-33.80688975" lon="150.87610956"><ele>77.678</ele></trkpt><trkpt lat="-33.80686983" lon="150.87609852"><ele>77.374</ele></trkpt><trkpt lat="-33.80685050" lon="150.87608551"><ele>77.164</ele></trkpt><trkpt lat="-33.80683230" lon="150.87607054"><ele>76.962</ele></trkpt><trkpt lat="-33.80681457" lon="150.87605541"><ele>76.716</ele></trkpt><trkpt lat="-33.80679165" lon="150.87603265"><ele>76.381</ele></trkpt><trkpt lat="-33.80651245" lon="150.87575709"><ele>72.361</ele></trkpt><trkpt lat="-33.80620932" lon="150.87546290"><ele>68.534</ele></trkpt><trkpt lat="-33.80618811" lon="150.87543965"><ele>68.349</ele></trkpt><trkpt lat="-33.80616891" lon="150.87541496"><ele>68.133</ele></trkpt><trkpt lat="-33.80614955" lon="150.87539329"><ele>68.013</ele></trkpt><trkpt lat="-33.80612496" lon="150.87535768"><ele>67.743</ele></trkpt><trkpt lat="-33.80610816" lon="150.87533200"><ele>67.445</ele></trkpt><trkpt lat="-33.80609104" lon="150.87530833"><ele>67.288</ele></trkpt><trkpt lat="-33.80607426" lon="150.87527887"><ele>67.102</ele></trkpt><trkpt lat="-33.80605879" lon="150.87525211"><ele>66.856</ele></trkpt><trkpt lat="-33.80603982" lon="150.87521750"><ele>66.684</ele></trkpt><trkpt lat="-33.80602283" lon="150.87518782"><ele>66.541</ele></trkpt><trkpt lat="-33.80600636" lon="150.87514798"><ele>66.243</ele></trkpt><trkpt lat="-33.80599416" lon="150.87511677"><ele>66.059</ele></trkpt><trkpt lat="-33.80598090" lon="150.87507886"><ele>65.800</ele></trkpt><trkpt lat="-33.80596803" lon="150.87504563"><ele>65.574</ele></trkpt><trkpt lat="-33.80595993" lon="150.87501186"><ele>65.408</ele></trkpt><trkpt lat="-33.80595208" lon="150.87498582"><ele>65.289</ele></trkpt><trkpt lat="-33.80594287" lon="150.87495575"><ele>65.184</ele></trkpt><trkpt lat="-33.80594049" lon="150.87493117"><ele>65.099</ele></trkpt><trkpt lat="-33.80593964" lon="150.87490764"><ele>65.009</ele></trkpt><trkpt lat="-33.80594372" lon="150.87488267"><ele>64.936</ele></trkpt><trkpt lat="-33.80594987" lon="150.87486268"><ele>64.858</ele></trkpt><trkpt lat="-33.80595903" lon="150.87484600"><ele>64.818</ele></trkpt><trkpt lat="-33.80596966" lon="150.87483169"><ele>64.857</ele></trkpt><trkpt lat="-33.80598407" lon="150.87482071"><ele>64.908</ele></trkpt><trkpt lat="-33.80600163" lon="150.87481030"><ele>65.020</ele></trkpt><trkpt lat="-33.80601975" lon="150.87480220"><ele>65.203</ele></trkpt><trkpt lat="-33.80603881" lon="150.87480292"><ele>65.393</ele></trkpt><trkpt lat="-33.80606161" lon="150.87480599"><ele>65.592</ele></trkpt><trkpt lat="-33.80607541" lon="150.87481260"><ele>65.704</ele></trkpt><trkpt lat="-33.80609440" lon="150.87482370"><ele>65.854</ele></trkpt><trkpt lat="-33.80611405" lon="150.87483495"><ele>66.035</ele></trkpt><trkpt lat="-33.80613153" lon="150.87484712"><ele>66.020</ele></trkpt><trkpt lat="-33.80616335" lon="150.87487191"><ele>66.254</ele></trkpt><trkpt lat="-33.80620146" lon="150.87490125"><ele>66.550</ele></trkpt><trkpt lat="-33.80671167" lon="150.87526147"><ele>70.643</ele></trkpt><trkpt lat="-33.80676529" lon="150.87529756"><ele>71.252</ele></trkpt><trkpt lat="-33.80680471" lon="150.87532417"><ele>71.631</ele></trkpt><trkpt lat="-33.80683769" lon="150.87534273"><ele>71.838</ele></trkpt><trkpt lat="-33.80685977" lon="150.87535480"><ele>72.089</ele></trkpt><trkpt lat="-33.80687910" lon="150.87536298"><ele>72.263</ele></trkpt><trkpt lat="-33.80689703" lon="150.87536920"><ele>72.403</ele></trkpt><trkpt lat="-33.80692078" lon="150.87537510"><ele>72.579</ele></trkpt><trkpt lat="-33.80695073" lon="150.87537986"><ele>72.790</ele></trkpt><trkpt lat="-33.80697417" lon="150.87538211"><ele>72.959</ele></trkpt><trkpt lat="-33.80699199" lon="150.87537940"><ele>73.121</ele></trkpt><trkpt lat="-33.80701354" lon="150.87537442"><ele>73.354</ele></trkpt><trkpt lat="-33.80703374" lon="150.87536672"><ele>73.510</ele></trkpt><trkpt lat="-33.80705020" lon="150.87535956"><ele>73.627</ele></trkpt><trkpt lat="-33.80706610" lon="150.87534973"><ele>73.708</ele></trkpt><trkpt lat="-33.80708289" lon="150.87533737"><ele>73.771</ele></trkpt><trkpt lat="-33.80709600" lon="150.87532386"><ele>73.921</ele></trkpt><trkpt lat="-33.80711200" lon="150.87530813"><ele>74.152</ele></trkpt><trkpt lat="-33.80712652" lon="150.87529232"><ele>74.360</ele></trkpt><trkpt lat="-33.80714027" lon="150.87527652"><ele>74.555</ele></trkpt><trkpt lat="-33.80715742" lon="150.87525319"><ele>74.793</ele></trkpt><trkpt lat="-33.80716820" lon="150.87523326"><ele>74.935</ele></trkpt><trkpt lat="-33.80717877" lon="150.87521598"><ele>75.068</ele></trkpt><trkpt lat="-33.80718578" lon="150.87519760"><ele>75.156</ele></trkpt><trkpt lat="-33.80719379" lon="150.87517504"><ele>75.257</ele></trkpt><trkpt lat="-33.80719820" lon="150.87515222"><ele>75.313</ele></trkpt><trkpt lat="-33.80720193" lon="150.87512934"><ele>75.435</ele></trkpt><trkpt lat="-33.80720464" lon="150.87510043"><ele>75.567</ele></trkpt><trkpt lat="-33.80720568" lon="150.87507485"><ele>75.627</ele></trkpt><trkpt lat="-33.80720266" lon="150.87504638"><ele>75.737</ele></trkpt><trkpt lat="-33.80719904" lon="150.87501713"><ele>75.908</ele></trkpt><trkpt lat="-33.80719498" lon="150.87498465"><ele>76.145</ele></trkpt><trkpt lat="-33.80719106" lon="150.87495975"><ele>76.234</ele></trkpt><trkpt lat="-33.80706833" lon="150.87441599"><ele>76.927</ele></trkpt><trkpt lat="-33.80706119" lon="150.87439042"><ele>76.917</ele></trkpt><trkpt lat="-33.80705359" lon="150.87436278"><ele>76.925</ele></trkpt><trkpt lat="-33.80704498" lon="150.87434336"><ele>76.840</ele></trkpt><trkpt lat="-33.80703624" lon="150.87432744"><ele>76.807</ele></trkpt><trkpt lat="-33.80702827" lon="150.87431444"><ele>76.812</ele></trkpt><trkpt lat="-33.80702031" lon="150.87430144"><ele>76.817</ele></trkpt><trkpt lat="-33.80701131" lon="150.87428983"><ele>76.809</ele></trkpt><trkpt lat="-33.80700218" lon="150.87427556"><ele>76.803</ele></trkpt><trkpt lat="-33.80699270" lon="150.87426287"><ele>76.774</ele></trkpt><trkpt lat="-33.80698455" lon="150.87425394"><ele>76.688</ele></trkpt><trkpt lat="-33.80697169" lon="150.87423995"><ele>76.586</ele></trkpt><trkpt lat="-33.80696061" lon="150.87423094"><ele>76.507</ele></trkpt><trkpt lat="-33.80694077" lon="150.87421080"><ele>76.398</ele></trkpt><trkpt lat="-33.80691652" lon="150.87418827"><ele>76.038</ele></trkpt><trkpt lat="-33.80662055" lon="150.87392824"><ele>74.350</ele></trkpt><trkpt lat="-33.80656430" lon="150.87388043"><ele>74.284</ele></trkpt><trkpt lat="-33.80653240" lon="150.87385030"><ele>74.190</ele></trkpt><trkpt lat="-33.80650567" lon="150.87382284"><ele>74.050</ele></trkpt><trkpt lat="-33.80647687" lon="150.87379665"><ele>73.961</ele></trkpt><trkpt lat="-33.80645319" lon="150.87377631"><ele>74.013</ele></trkpt><trkpt lat="-33.80643052" lon="150.87375738"><ele>74.096</ele></trkpt><trkpt lat="-33.80640448" lon="150.87373250"><ele>74.151</ele></trkpt><trkpt lat="-33.80637852" lon="150.87370609"><ele>74.102</ele></trkpt><trkpt lat="-33.80636063" lon="150.87368782"><ele>74.028</ele></trkpt><trkpt lat="-33.80635585" lon="150.87368432"><ele>73.947</ele></trkpt><trkpt lat="-33.80635070" lon="150.87368107"><ele>73.701</ele></trkpt><trkpt lat="-33.80634009" lon="150.87367121"><ele>73.499</ele></trkpt><trkpt lat="-33.80633436" lon="150.87366597"><ele>73.297</ele></trkpt><trkpt lat="-33.80633081" lon="150.87366207"><ele>73.182</ele></trkpt><trkpt lat="-33.80632807" lon="150.87365875"><ele>73.066</ele></trkpt><trkpt lat="-33.80630529" lon="150.87363774"><ele>72.756</ele></trkpt><trkpt lat="-33.80627162" lon="150.87361387"><ele>72.389</ele></trkpt><trkpt lat="-33.80624424" lon="150.87359389"><ele>72.230</ele></trkpt><trkpt lat="-33.80622568" lon="150.87357873"><ele>71.924</ele></trkpt><trkpt lat="-33.80620678" lon="150.87356127"><ele>71.664</ele></trkpt><trkpt lat="-33.80618204" lon="150.87353898"><ele>71.436</ele></trkpt><trkpt lat="-33.80615915" lon="150.87351576"><ele>71.229</ele></trkpt><trkpt lat="-33.80613657" lon="150.87349054"><ele>71.107</ele></trkpt><trkpt lat="-33.80611932" lon="150.87346829"><ele>70.927</ele></trkpt><trkpt lat="-33.80609923" lon="150.87344410"><ele>70.677</ele></trkpt><trkpt lat="-33.80608619" lon="150.87342257"><ele>70.543</ele></trkpt><trkpt lat="-33.80606980" lon="150.87339935"><ele>70.475</ele></trkpt><trkpt lat="-33.80605456" lon="150.87337643"><ele>70.384</ele></trkpt><trkpt lat="-33.80604262" lon="150.87335815"><ele>70.244</ele></trkpt><trkpt lat="-33.80603119" lon="150.87334003"><ele>70.123</ele></trkpt><trkpt lat="-33.80601894" lon="150.87331698"><ele>69.959</ele></trkpt><trkpt lat="-33.80600211" lon="150.87329168"><ele>69.814</ele></trkpt><trkpt lat="-33.80598717" lon="150.87326311"><ele>69.658</ele></trkpt><trkpt lat="-33.80597779" lon="150.87324261"><ele>69.379</ele></trkpt><trkpt lat="-33.80596929" lon="150.87322102"><ele>69.164</ele></trkpt><trkpt lat="-33.80595815" lon="150.87319579"><ele>68.948</ele></trkpt><trkpt lat="-33.80594599" lon="150.87316224"><ele>68.958</ele></trkpt><trkpt lat="-33.80593653" lon="150.87313096"><ele>68.920</ele></trkpt><trkpt lat="-33.80592609" lon="150.87310135"><ele>68.799</ele></trkpt><trkpt lat="-33.80591510" lon="150.87306855"><ele>68.670</ele></trkpt><trkpt lat="-33.80590283" lon="150.87303000"><ele>68.552</ele></trkpt><trkpt lat="-33.80589672" lon="150.87300085"><ele>68.372</ele></trkpt><trkpt lat="-33.80588829" lon="150.87296198"><ele>68.059</ele></trkpt><trkpt lat="-33.80588398" lon="150.87292984"><ele>67.839</ele></trkpt><trkpt lat="-33.80587625" lon="150.87288869"><ele>67.675</ele></trkpt><trkpt lat="-33.80587311" lon="150.87285288"><ele>67.591</ele></trkpt><trkpt lat="-33.80584555" lon="150.87253854"><ele>66.352</ele></trkpt><trkpt lat="-33.80581058" lon="150.87217239"><ele>64.908</ele></trkpt><trkpt lat="-33.80576537" lon="150.87168851"><ele>62.884</ele></trkpt><trkpt lat="-33.80573520" lon="150.87137515"><ele>61.599</ele></trkpt><trkpt lat="-33.80572946" lon="150.87134654"><ele>61.511</ele></trkpt><trkpt lat="-33.80572456" lon="150.87132470"><ele>61.485</ele></trkpt><trkpt lat="-33.80571803" lon="150.87130127"><ele>61.457</ele></trkpt><trkpt lat="-33.80571301" lon="150.87127783"><ele>61.335</ele></trkpt><trkpt lat="-33.80570292" lon="150.87125703"><ele>61.299</ele></trkpt><trkpt lat="-33.80569009" lon="150.87122916"><ele>61.173</ele></trkpt><trkpt lat="-33.80568056" lon="150.87120951"><ele>61.068</ele></trkpt><trkpt lat="-33.80566834" lon="150.87118857"><ele>61.033</ele></trkpt><trkpt lat="-33.80565412" lon="150.87116740"><ele>60.896</ele></trkpt><trkpt lat="-33.80563951" lon="150.87114810"><ele>60.809</ele></trkpt><trkpt lat="-33.80562834" lon="150.87113599"><ele>60.809</ele></trkpt><trkpt lat="-33.80561610" lon="150.87112351"><ele>60.801</ele></trkpt><trkpt lat="-33.80560214" lon="150.87110823"><ele>60.751</ele></trkpt><trkpt lat="-33.80558622" lon="150.87109315"><ele>60.694</ele></trkpt><trkpt lat="-33.80557139" lon="150.87108015"><ele>60.640</ele></trkpt><trkpt lat="-33.80555565" lon="150.87106837"><ele>60.584</ele></trkpt><trkpt lat="-33.80553737" lon="150.87105629"><ele>60.518</ele></trkpt><trkpt lat="-33.80551594" lon="150.87104338"><ele>60.441</ele></trkpt><trkpt lat="-33.80549981" lon="150.87103561"><ele>60.383</ele></trkpt><trkpt lat="-33.80548287" lon="150.87102762"><ele>60.299</ele></trkpt><trkpt lat="-33.80546689" lon="150.87102058"><ele>60.214</ele></trkpt><trkpt lat="-33.80544820" lon="150.87101637"><ele>60.154</ele></trkpt><trkpt lat="-33.80542662" lon="150.87100974"><ele>60.145</ele></trkpt><trkpt lat="-33.80540712" lon="150.87100506"><ele>60.117</ele></trkpt><trkpt lat="-33.80538436" lon="150.87100256"><ele>60.047</ele></trkpt><trkpt lat="-33.80536712" lon="150.87100231"><ele>60.037</ele></trkpt><trkpt lat="-33.80534704" lon="150.87100363"><ele>59.991</ele></trkpt><trkpt lat="-33.80532795" lon="150.87100583"><ele>59.892</ele></trkpt><trkpt lat="-33.80530551" lon="150.87101035"><ele>59.772</ele></trkpt><trkpt lat="-33.80528339" lon="150.87101855"><ele>59.670</ele></trkpt><trkpt lat="-33.80526486" lon="150.87102895"><ele>59.454</ele></trkpt><trkpt lat="-33.80523968" lon="150.87104002"><ele>59.286</ele></trkpt><trkpt lat="-33.80522271" lon="150.87105234"><ele>59.149</ele></trkpt><trkpt lat="-33.80520229" lon="150.87106280"><ele>59.004</ele></trkpt><trkpt lat="-33.80518045" lon="150.87107966"><ele>58.820</ele></trkpt><trkpt lat="-33.80516065" lon="150.87109530"><ele>58.760</ele></trkpt><trkpt lat="-33.80514383" lon="150.87110935"><ele>58.760</ele></trkpt><trkpt lat="-33.80512571" lon="150.87112551"><ele>58.760</ele></trkpt><trkpt lat="-33.80510934" lon="150.87114640"><ele>58.777</ele></trkpt><trkpt lat="-33.80509211" lon="150.87117102"><ele>58.687</ele></trkpt><trkpt lat="-33.80507387" lon="150.87120372"><ele>58.612</ele></trkpt><trkpt lat="-33.80505900" lon="150.87123216"><ele>58.550</ele></trkpt><trkpt lat="-33.80504709" lon="150.87126004"><ele>58.449</ele></trkpt><trkpt lat="-33.80503727" lon="150.87128547"><ele>58.240</ele></trkpt><trkpt lat="-33.80502774" lon="150.87131132"><ele>58.212</ele></trkpt><trkpt lat="-33.80501987" lon="150.87133543"><ele>58.073</ele></trkpt><trkpt lat="-33.80501590" lon="150.87135973"><ele>58.067</ele></trkpt><trkpt lat="-33.80501207" lon="150.87138517"><ele>58.046</ele></trkpt><trkpt lat="-33.80500665" lon="150.87141023"><ele>58.029</ele></trkpt><trkpt lat="-33.80500593" lon="150.87143932"><ele>57.997</ele></trkpt><trkpt lat="-33.80500213" lon="150.87147438"><ele>57.833</ele></trkpt><trkpt lat="-33.80499917" lon="150.87150988"><ele>57.784</ele></trkpt><trkpt lat="-33.80500077" lon="150.87154740"><ele>57.674</ele></trkpt><trkpt lat="-33.80499217" lon="150.87196638"><ele>57.564</ele></trkpt><trkpt lat="-33.80498290" lon="150.87245989"><ele>58.591</ele></trkpt><trkpt lat="-33.80497108" lon="150.87291495"><ele>58.863</ele></trkpt><trkpt lat="-33.80496434" lon="150.87320282"><ele>59.416</ele></trkpt><trkpt lat="-33.80495728" lon="150.87372978"><ele>60.078</ele></trkpt><trkpt lat="-33.80494890" lon="150.87418017"><ele>61.091</ele></trkpt><trkpt lat="-33.80494495" lon="150.87440679"><ele>61.693</ele></trkpt><trkpt lat="-33.80494384" lon="150.87442803"><ele>61.766</ele></trkpt><trkpt lat="-33.80494431" lon="150.87445354"><ele>61.913</ele></trkpt><trkpt lat="-33.80494501" lon="150.87448401"><ele>62.136</ele></trkpt><trkpt lat="-33.80494769" lon="150.87451895"><ele>62.275</ele></trkpt><trkpt lat="-33.80494950" lon="150.87455093"><ele>62.378</ele></trkpt><trkpt lat="-33.80495049" lon="150.87458803"><ele>62.373</ele></trkpt><trkpt lat="-33.80495168" lon="150.87461802"><ele>62.387</ele></trkpt><trkpt lat="-33.80495366" lon="150.87464892"><ele>62.354</ele></trkpt><trkpt lat="-33.80495590" lon="150.87467795"><ele>62.362</ele></trkpt><trkpt lat="-33.80495783" lon="150.87470059"><ele>62.377</ele></trkpt><trkpt lat="-33.80495914" lon="150.87472555"><ele>62.509</ele></trkpt><trkpt lat="-33.80496177" lon="150.87474952"><ele>62.664</ele></trkpt><trkpt lat="-33.80496594" lon="150.87477472"><ele>62.732</ele></trkpt><trkpt lat="-33.80496806" lon="150.87479116"><ele>62.822</ele></trkpt><trkpt lat="-33.80497240" lon="150.87481449"><ele>62.994</ele></trkpt><trkpt lat="-33.80497766" lon="150.87483983"><ele>63.180</ele></trkpt><trkpt lat="-33.80498370" lon="150.87486768"><ele>63.366</ele></trkpt><trkpt lat="-33.80498933" lon="150.87489678"><ele>63.405</ele></trkpt><trkpt lat="-33.80499426" lon="150.87492018"><ele>63.511</ele></trkpt><trkpt lat="-33.80499869" lon="150.87494002"><ele>63.557</ele></trkpt><trkpt lat="-33.80500347" lon="150.87495908"><ele>63.569</ele></trkpt><trkpt lat="-33.80500866" lon="150.87498140"><ele>63.595</ele></trkpt><trkpt lat="-33.80501978" lon="150.87501374"><ele>63.629</ele></trkpt><trkpt lat="-33.80505790" lon="150.87513311"><ele>63.817</ele></trkpt><trkpt lat="-33.80506838" lon="150.87516298"><ele>63.888</ele></trkpt><trkpt lat="-33.80507812" lon="150.87519106"><ele>63.993</ele></trkpt><trkpt lat="-33.80508786" lon="150.87521595"><ele>64.064</ele></trkpt><trkpt lat="-33.80509832" lon="150.87524328"><ele>64.087</ele></trkpt><trkpt lat="-33.80511159" lon="150.87527119"><ele>64.228</ele></trkpt><trkpt lat="-33.80512798" lon="150.87530665"><ele>64.431</ele></trkpt><trkpt lat="-33.80514144" lon="150.87533434"><ele>64.585</ele></trkpt><trkpt lat="-33.80515245" lon="150.87535389"><ele>64.688</ele></trkpt><trkpt lat="-33.80516568" lon="150.87537723"><ele>64.763</ele></trkpt><trkpt lat="-33.80518291" lon="150.87541013"><ele>64.964</ele></trkpt><trkpt lat="-33.80520030" lon="150.87543860"><ele>65.170</ele></trkpt><trkpt lat="-33.80524841" lon="150.87551760"><ele>65.473</ele></trkpt><trkpt lat="-33.80526556" lon="150.87554298"><ele>65.599</ele></trkpt><trkpt lat="-33.80528639" lon="150.87557346"><ele>65.702</ele></trkpt><trkpt lat="-33.80530850" lon="150.87560484"><ele>65.694</ele></trkpt><trkpt lat="-33.80533445" lon="150.87563953"><ele>65.647</ele></trkpt><trkpt lat="-33.80535014" lon="150.87565839"><ele>65.740</ele></trkpt><trkpt lat="-33.80537269" lon="150.87568434"><ele>65.917</ele></trkpt><trkpt lat="-33.80543440" lon="150.87575056"><ele>66.189</ele></trkpt><trkpt lat="-33.80545505" lon="150.87577119"><ele>66.218</ele></trkpt><trkpt lat="-33.80547395" lon="150.87579019"><ele>66.218</ele></trkpt><trkpt lat="-33.80550215" lon="150.87581567"><ele>66.218</ele></trkpt><trkpt lat="-33.80552106" lon="150.87583001"><ele>66.305</ele></trkpt><trkpt lat="-33.80561935" lon="150.87590285"><ele>66.836</ele></trkpt><trkpt lat="-33.80575862" lon="150.87600368"><ele>66.991</ele></trkpt><trkpt lat="-33.80576721" lon="150.87601148"><ele>66.991</ele></trkpt><trkpt lat="-33.80577503" lon="150.87602046"><ele>66.991</ele></trkpt><trkpt lat="-33.80578595" lon="150.87603321"><ele>66.991</ele></trkpt><trkpt lat="-33.80579558" lon="150.87604668"><ele>67.011</ele></trkpt><trkpt lat="-33.80580553" lon="150.87606326"><ele>67.047</ele></trkpt><trkpt lat="-33.80581346" lon="150.87607796"><ele>67.081</ele></trkpt><trkpt lat="-33.80582023" lon="150.87609438"><ele>67.118</ele></trkpt><trkpt lat="-33.80582695" lon="150.87611073"><ele>67.186</ele></trkpt><trkpt lat="-33.80583168" lon="150.87612522"><ele>67.244</ele></trkpt><trkpt lat="-33.80583603" lon="150.87614393"><ele>67.307</ele></trkpt><trkpt lat="-33.80583873" lon="150.87616261"><ele>67.351</ele></trkpt><trkpt lat="-33.80583948" lon="150.87618069"><ele>67.393</ele></trkpt><trkpt lat="-33.80584121" lon="150.87619967"><ele>67.448</ele></trkpt><trkpt lat="-33.80584059" lon="150.87621728"><ele>67.489</ele></trkpt><trkpt lat="-33.80583936" lon="150.87623711"><ele>67.533</ele></trkpt><trkpt lat="-33.80583666" lon="150.87626305"><ele>67.586</ele></trkpt><trkpt lat="-33.80583355" lon="150.87628587"><ele>67.727</ele></trkpt><trkpt lat="-33.80583063" lon="150.87630570"><ele>67.768</ele></trkpt><trkpt lat="-33.80568901" lon="150.87698197"><ele>69.669</ele></trkpt><trkpt lat="-33.80568355" lon="150.87700109"><ele>69.714</ele></trkpt><trkpt lat="-33.80567788" lon="150.87701771"><ele>69.786</ele></trkpt><trkpt lat="-33.80566974" lon="150.87703834"><ele>69.876</ele></trkpt><trkpt lat="-33.80565925" lon="150.87706036"><ele>69.973</ele></trkpt><trkpt lat="-33.80564926" lon="150.87707915"><ele>70.082</ele></trkpt><trkpt lat="-33.80563561" lon="150.87709907"><ele>70.198</ele></trkpt><trkpt lat="-33.80562530" lon="150.87711476"><ele>70.289</ele></trkpt><trkpt lat="-33.80561181" lon="150.87713204"><ele>70.391</ele></trkpt><trkpt lat="-33.80559783" lon="150.87714892"><ele>70.450</ele></trkpt><trkpt lat="-33.80558037" lon="150.87716545"><ele>70.508</ele></trkpt><trkpt lat="-33.80556700" lon="150.87717768"><ele>70.535</ele></trkpt><trkpt lat="-33.80555160" lon="150.87719083"><ele>70.562</ele></trkpt><trkpt lat="-33.80553385" lon="150.87720294"><ele>70.586</ele></trkpt><trkpt lat="-33.80551287" lon="150.87721670"><ele>70.613</ele></trkpt><trkpt lat="-33.80549358" lon="150.87722794"><ele>70.634</ele></trkpt><trkpt lat="-33.80545976" lon="150.87724248"><ele>70.659</ele></trkpt><trkpt lat="-33.80542979" lon="150.87725172"><ele>70.714</ele></trkpt><trkpt lat="-33.80540210" lon="150.87726059"><ele>70.702</ele></trkpt><trkpt lat="-33.80538231" lon="150.87726635"><ele>70.810</ele></trkpt><trkpt lat="-33.80536375" lon="150.87727100"><ele>70.904</ele></trkpt><trkpt lat="-33.80534547" lon="150.87727393"><ele>70.979</ele></trkpt><trkpt lat="-33.80532496" lon="150.87727579"><ele>71.048</ele></trkpt><trkpt lat="-33.80530554" lon="150.87727694"><ele>71.107</ele></trkpt><trkpt lat="-33.80528522" lon="150.87727475"><ele>71.108</ele></trkpt><trkpt lat="-33.80526479" lon="150.87727254"><ele>71.119</ele></trkpt><trkpt lat="-33.80524033" lon="150.87726953"><ele>71.130</ele></trkpt><trkpt lat="-33.80521897" lon="150.87726488"><ele>71.200</ele></trkpt><trkpt lat="-33.80519391" lon="150.87725884"><ele>71.273</ele></trkpt><trkpt lat="-33.80516959" lon="150.87725261"><ele>71.365</ele></trkpt><trkpt lat="-33.80515010" lon="150.87724443"><ele>71.466</ele></trkpt><trkpt lat="-33.80513387" lon="150.87723820"><ele>71.569</ele></trkpt><trkpt lat="-33.80511451" lon="150.87722839"><ele>71.684</ele></trkpt><trkpt lat="-33.80509635" lon="150.87721881"><ele>71.770</ele></trkpt><trkpt lat="-33.80507933" lon="150.87720682"><ele>71.786</ele></trkpt><trkpt lat="-33.80506140" lon="150.87719590"><ele>71.773</ele></trkpt><trkpt lat="-33.80504291" lon="150.87718141"><ele>71.825</ele></trkpt><trkpt lat="-33.80502509" lon="150.87716763"><ele>71.828</ele></trkpt><trkpt lat="-33.80501108" lon="150.87715554"><ele>71.751</ele></trkpt><trkpt lat="-33.80499715" lon="150.87714426"><ele>71.787</ele></trkpt><trkpt lat="-33.80497818" lon="150.87712685"><ele>71.832</ele></trkpt><trkpt lat="-33.80496719" lon="150.87711385"><ele>71.804</ele></trkpt><trkpt lat="-33.80495641" lon="150.87710276"><ele>71.784</ele></trkpt><trkpt lat="-33.80494840" lon="150.87709057"><ele>71.754</ele></trkpt><trkpt lat="-33.80493841" lon="150.87707664"><ele>71.721</ele></trkpt><trkpt lat="-33.80492722" lon="150.87706077"><ele>71.661</ele></trkpt><trkpt lat="-33.80491403" lon="150.87704309"><ele>71.622</ele></trkpt><trkpt lat="-33.80490630" lon="150.87703102"><ele>71.591</ele></trkpt><trkpt lat="-33.80489535" lon="150.87701166"><ele>71.547</ele></trkpt><trkpt lat="-33.80488495" lon="150.87699629"><ele>71.537</ele></trkpt><trkpt lat="-33.80487628" lon="150.87697523"><ele>71.494</ele></trkpt><trkpt lat="-33.80486830" lon="150.87695919"><ele>71.464</ele></trkpt><trkpt lat="-33.80486040" lon="150.87694300"><ele>71.475</ele></trkpt><trkpt lat="-33.80485168" lon="150.87691893"><ele>71.480</ele></trkpt><trkpt lat="-33.80484315" lon="150.87689667"><ele>71.483</ele></trkpt><trkpt lat="-33.80483527" lon="150.87687665"><ele>71.426</ele></trkpt><trkpt lat="-33.80482522" lon="150.87685284"><ele>71.358</ele></trkpt><trkpt lat="-33.80482019" lon="150.87683603"><ele>71.304</ele></trkpt><trkpt lat="-33.80481392" lon="150.87681628"><ele>71.242</ele></trkpt><trkpt lat="-33.80480714" lon="150.87679598"><ele>71.183</ele></trkpt><trkpt lat="-33.80480108" lon="150.87677457"><ele>71.253</ele></trkpt><trkpt lat="-33.80479577" lon="150.87675275"><ele>71.208</ele></trkpt><trkpt lat="-33.80479213" lon="150.87673417"><ele>71.180</ele></trkpt><trkpt lat="-33.80478858" lon="150.87671291"><ele>71.158</ele></trkpt><trkpt lat="-33.80478568" lon="150.87669669"><ele>71.152</ele></trkpt><trkpt lat="-33.80478276" lon="150.87668042"><ele>71.146</ele></trkpt><trkpt lat="-33.80472819" lon="150.87629657"><ele>70.700</ele></trkpt><trkpt lat="-33.80469859" lon="150.87608847"><ele>70.700</ele></trkpt><trkpt lat="-33.80460449" lon="150.87554017"><ele>69.129</ele></trkpt><trkpt lat="-33.80450790" lon="150.87496719"><ele>65.997</ele></trkpt><trkpt lat="-33.80438146" lon="150.87420176"><ele>62.753</ele></trkpt><trkpt lat="-33.80436659" lon="150.87411727"><ele>62.491</ele></trkpt><trkpt lat="-33.80435732" lon="150.87408335"><ele>62.360</ele></trkpt><trkpt lat="-33.80434851" lon="150.87405150"><ele>62.229</ele></trkpt><trkpt lat="-33.80434401" lon="150.87402453"><ele>62.303</ele></trkpt><trkpt lat="-33.80433729" lon="150.87398299"><ele>62.141</ele></trkpt><trkpt lat="-33.80432847" lon="150.87392476"><ele>61.944</ele></trkpt><trkpt lat="-33.80431536" lon="150.87385172"><ele>61.747</ele></trkpt><trkpt lat="-33.80429700" lon="150.87371307"><ele>61.352</ele></trkpt><trkpt lat="-33.80424968" lon="150.87343796"><ele>60.562</ele></trkpt><trkpt lat="-33.80406907" lon="150.87237350"><ele>57.936</ele></trkpt><trkpt lat="-33.80382612" lon="150.87093401"><ele>55.401</ele></trkpt></trkseg></trk><trk><name>Sydney Motorsport Park - Brabham segment 3</name><trkseg><trkpt lat="-33.80369599" lon="150.87094829"><ele>55.401</ele></trkpt><trkpt lat="-33.80344344" lon="150.86946679"><ele>54.108</ele></trkpt><trkpt lat="-33.80327213" lon="150.86844860"><ele>52.985</ele></trkpt><trkpt lat="-33.80326497" lon="150.86840209"><ele>52.990</ele></trkpt><trkpt lat="-33.80326161" lon="150.86837516"><ele>52.893</ele></trkpt><trkpt lat="-33.80325864" lon="150.86834919"><ele>52.833</ele></trkpt><trkpt lat="-33.80325786" lon="150.86832493"><ele>52.825</ele></trkpt><trkpt lat="-33.80325690" lon="150.86830382"><ele>52.827</ele></trkpt><trkpt lat="-33.80325515" lon="150.86828320"><ele>52.831</ele></trkpt><trkpt lat="-33.80325477" lon="150.86825992"><ele>52.831</ele></trkpt><trkpt lat="-33.80325415" lon="150.86823032"><ele>52.833</ele></trkpt><trkpt lat="-33.80325316" lon="150.86820441"><ele>52.833</ele></trkpt><trkpt lat="-33.80325320" lon="150.86818204"><ele>52.793</ele></trkpt><trkpt lat="-33.80325304" lon="150.86816038"><ele>52.755</ele></trkpt><trkpt lat="-33.80325304" lon="150.86813324"><ele>52.765</ele></trkpt><trkpt lat="-33.80325264" lon="150.86810753"><ele>52.766</ele></trkpt><trkpt lat="-33.80325303" lon="150.86807893"><ele>52.765</ele></trkpt><trkpt lat="-33.80325304" lon="150.86805418"><ele>52.765</ele></trkpt><trkpt lat="-33.80325423" lon="150.86802755"><ele>52.782</ele></trkpt><trkpt lat="-33.80325427" lon="150.86800506"><ele>52.740</ele></trkpt><trkpt lat="-33.80325692" lon="150.86798273"><ele>52.689</ele></trkpt><trkpt lat="-33.80325737" lon="150.86796116"><ele>52.646</ele></trkpt><trkpt lat="-33.80325860" lon="150.86792108"><ele>52.566</ele></trkpt><trkpt lat="-33.80326082" lon="150.86789416"><ele>52.503</ele></trkpt><trkpt lat="-33.80326422" lon="150.86785763"><ele>52.284</ele></trkpt><trkpt lat="-33.80326706" lon="150.86782257"><ele>52.212</ele></trkpt><trkpt lat="-33.80327088" lon="150.86778043"><ele>52.121</ele></trkpt><trkpt lat="-33.80327489" lon="150.86775409"><ele>52.060</ele></trkpt><trkpt lat="-33.80327772" lon="150.86772300"><ele>52.003</ele></trkpt><trkpt lat="-33.80328316" lon="150.86768836"><ele>51.940</ele></trkpt><trkpt lat="-33.80328738" lon="150.86765726"><ele>51.929</ele></trkpt><trkpt lat="-33.80329258" lon="150.86761914"><ele>51.894</ele></trkpt><trkpt lat="-33.80329970" lon="150.86757525"><ele>51.846</ele></trkpt><trkpt lat="-33.80330559" lon="150.86753912"><ele>51.846</ele></trkpt><trkpt lat="-33.80331289" lon="150.86749877"><ele>51.871</ele></trkpt><trkpt lat="-33.80332114" lon="150.86745561"><ele>51.900</ele></trkpt><trkpt lat="-33.80333077" lon="150.86741664"><ele>51.922</ele></trkpt><trkpt lat="-33.80334122" lon="150.86737525"><ele>51.839</ele></trkpt><trkpt lat="-33.80335098" lon="150.86733177"><ele>51.768</ele></trkpt><trkpt lat="-33.80336100" lon="150.86729578"><ele>51.685</ele></trkpt><trkpt lat="-33.80337080" lon="150.86726041"><ele>51.594</ele></trkpt><trkpt lat="-33.80338171" lon="150.86722378"><ele>51.492</ele></trkpt><trkpt lat="-33.80339382" lon="150.86719186"><ele>51.408</ele></trkpt><trkpt lat="-33.80340559" lon="150.86716082"><ele>51.353</ele></trkpt><trkpt lat="-33.80341748" lon="150.86713150"><ele>51.348</ele></trkpt><trkpt lat="-33.80343056" lon="150.86709866"><ele>51.377</ele></trkpt><trkpt lat="-33.80343970" lon="150.86707549"><ele>51.355</ele></trkpt><trkpt lat="-33.80344908" lon="150.86705575"><ele>51.329</ele></trkpt><trkpt lat="-33.80345920" lon="150.86703383"><ele>51.300</ele></trkpt><trkpt lat="-33.80347927" lon="150.86698848"><ele>51.383</ele></trkpt><trkpt lat="-33.80349428" lon="150.86695402"><ele>51.383</ele></trkpt><trkpt lat="-33.80351069" lon="150.86691940"><ele>51.341</ele></trkpt><trkpt lat="-33.80352448" lon="150.86689266"><ele>51.306</ele></trkpt><trkpt lat="-33.80353984" lon="150.86686331"><ele>51.267</ele></trkpt><trkpt lat="-33.80355306" lon="150.86683622"><ele>51.228</ele></trkpt><trkpt lat="-33.80356652" lon="150.86681258"><ele>51.202</ele></trkpt><trkpt lat="-33.80358203" lon="150.86678488"><ele>51.168</ele></trkpt><trkpt lat="-33.80359444" lon="150.86676236"><ele>51.139</ele></trkpt><trkpt lat="-33.80360491" lon="150.86674560"><ele>51.119</ele></trkpt><trkpt lat="-33.80362277" lon="150.86671501"><ele>51.081</ele></trkpt><trkpt lat="-33.80363720" lon="150.86669267"><ele>51.074</ele></trkpt><trkpt lat="-33.80365465" lon="150.86666760"><ele>51.074</ele></trkpt><trkpt lat="-33.80366765" lon="150.86664541"><ele>51.074</ele></trkpt><trkpt lat="-33.80368100" lon="150.86662850"><ele>51.153</ele></trkpt><trkpt lat="-33.80369252" lon="150.86661072"><ele>51.210</ele></trkpt><trkpt lat="-33.80370635" lon="150.86659224"><ele>51.164</ele></trkpt><trkpt lat="-33.80371706" lon="150.86657895"><ele>51.130</ele></trkpt><trkpt lat="-33.80373037" lon="150.86656001"><ele>51.018</ele></trkpt><trkpt lat="-33.80382612" lon="150.86644026"><ele>50.842</ele></trkpt><trkpt lat="-33.80384023" lon="150.86642103"><ele>50.828</ele></trkpt><trkpt lat="-33.80385833" lon="150.86640035"><ele>50.809</ele></trkpt><trkpt lat="-33.80387402" lon="150.86638270"><ele>50.793</ele></trkpt><trkpt lat="-33.80388622" lon="150.86636923"><ele>50.780</ele></trkpt><trkpt lat="-33.80390252" lon="150.86635187"><ele>50.767</ele></trkpt><trkpt lat="-33.80391878" lon="150.86633460"><ele>50.806</ele></trkpt><trkpt lat="-33.80394178" lon="150.86631148"><ele>50.814</ele></trkpt><trkpt lat="-33.80396671" lon="150.86628488"><ele>50.783</ele></trkpt><trkpt lat="-33.80398974" lon="150.86626406"><ele>50.767</ele></trkpt><trkpt lat="-33.80400531" lon="150.86624889"><ele>50.765</ele></trkpt><trkpt lat="-33.80402860" lon="150.86622735"><ele>50.765</ele></trkpt><trkpt lat="-33.80404851" lon="150.86621176"><ele>50.765</ele></trkpt><trkpt lat="-33.80406889" lon="150.86619891"><ele>50.765</ele></trkpt><trkpt lat="-33.80408760" lon="150.86618273"><ele>50.765</ele></trkpt><trkpt lat="-33.80410364" lon="150.86617031"><ele>50.765</ele></trkpt><trkpt lat="-33.80412367" lon="150.86615645"><ele>50.765</ele></trkpt><trkpt lat="-33.80415413" lon="150.86613421"><ele>50.725</ele></trkpt><trkpt lat="-33.80418734" lon="150.86611244"><ele>50.763</ele></trkpt><trkpt lat="-33.80421436" lon="150.86609451"><ele>50.870</ele></trkpt><trkpt lat="-33.80424635" lon="150.86607411"><ele>51.024</ele></trkpt><trkpt lat="-33.80427912" lon="150.86605319"><ele>51.070</ele></trkpt><trkpt lat="-33.80431424" lon="150.86603348"><ele>51.128</ele></trkpt><trkpt lat="-33.80451156" lon="150.86593637"><ele>51.724</ele></trkpt><trkpt lat="-33.80452869" lon="150.86593067"><ele>51.786</ele></trkpt><trkpt lat="-33.80455138" lon="150.86592267"><ele>51.825</ele></trkpt><trkpt lat="-33.80502699" lon="150.86576107"><ele>52.579</ele></trkpt><trkpt lat="-33.80551330" lon="150.86559502"><ele>52.814</ele></trkpt><trkpt lat="-33.80605579" lon="150.86540754"><ele>53.022</ele></trkpt><trkpt lat="-33.80673138" lon="150.86517397"><ele>54.195</ele></trkpt><trkpt lat="-33.80694755" lon="150.86510156"><ele>54.509</ele></trkpt><trkpt lat="-33.80696457" lon="150.86509632"><ele>54.555</ele></trkpt><trkpt lat="-33.80698520" lon="150.86509207"><ele>54.611</ele></trkpt><trkpt lat="-33.80700379" lon="150.86508998"><ele>54.638</ele></trkpt><trkpt lat="-33.80702150" lon="150.86508836"><ele>54.701</ele></trkpt><trkpt lat="-33.80704429" lon="150.86509175"><ele>54.756</ele></trkpt><trkpt lat="-33.80706414" lon="150.86509594"><ele>54.825</ele></trkpt><trkpt lat="-33.80708497" lon="150.86509908"><ele>54.924</ele></trkpt><trkpt lat="-33.80710268" lon="150.86510547"><ele>55.008</ele></trkpt><trkpt lat="-33.80712091" lon="150.86511211"><ele>55.090</ele></trkpt><trkpt lat="-33.80714093" lon="150.86511931"><ele>55.037</ele></trkpt><trkpt lat="-33.80715983" lon="150.86512778"><ele>55.083</ele></trkpt><trkpt lat="-33.80717808" lon="150.86513823"><ele>55.088</ele></trkpt><trkpt lat="-33.80719811" lon="150.86515117"><ele>55.114</ele></trkpt><trkpt lat="-33.80721529" lon="150.86516667"><ele>55.133</ele></trkpt><trkpt lat="-33.80723247" lon="150.86518371"><ele>55.151</ele></trkpt><trkpt lat="-33.80724784" lon="150.86520075"><ele>55.181</ele></trkpt><trkpt lat="-33.80726329" lon="150.86521944"><ele>55.225</ele></trkpt><trkpt lat="-33.80727609" lon="150.86523610"><ele>55.292</ele></trkpt><trkpt lat="-33.80728979" lon="150.86525197"><ele>55.363</ele></trkpt><trkpt lat="-33.80730002" lon="150.86526675"><ele>55.458</ele></trkpt><trkpt lat="-33.80730976" lon="150.86528298"><ele>55.595</ele></trkpt><trkpt lat="-33.80732240" lon="150.86530203"><ele>55.699</ele></trkpt><trkpt lat="-33.80733238" lon="150.86531912"><ele>55.850</ele></trkpt><trkpt lat="-33.80734038" lon="150.86533419"><ele>55.926</ele></trkpt><trkpt lat="-33.80735107" lon="150.86535466"><ele>56.075</ele></trkpt><trkpt lat="-33.80736071" lon="150.86537043"><ele>56.137</ele></trkpt><trkpt lat="-33.80737143" lon="150.86539213"><ele>56.226</ele></trkpt><trkpt lat="-33.80738053" lon="150.86541537"><ele>56.256</ele></trkpt><trkpt lat="-33.80738683" lon="150.86543338"><ele>56.297</ele></trkpt><trkpt lat="-33.80739311" lon="150.86545142"><ele>56.364</ele></trkpt><trkpt lat="-33.80739954" lon="150.86546896"><ele>56.519</ele></trkpt><trkpt lat="-33.80740571" lon="150.86548708"><ele>56.665</ele></trkpt><trkpt lat="-33.80741054" lon="150.86550909"><ele>56.800</ele></trkpt><trkpt lat="-33.80741318" lon="150.86552604"><ele>56.900</ele></trkpt><trkpt lat="-33.80741841" lon="150.86555043"><ele>57.030</ele></trkpt><trkpt lat="-33.80742020" lon="150.86556987"><ele>57.082</ele></trkpt><trkpt lat="-33.80742220" lon="150.86559248"><ele>57.129</ele></trkpt><trkpt lat="-33.80742354" lon="150.86561319"><ele>57.170</ele></trkpt><trkpt lat="-33.80742307" lon="150.86563532"><ele>57.254</ele></trkpt><trkpt lat="-33.80742159" lon="150.86566765"><ele>57.442</ele></trkpt><trkpt lat="-33.80741636" lon="150.86569419"><ele>57.567</ele></trkpt><trkpt lat="-33.80741263" lon="150.86572163"><ele>57.699</ele></trkpt><trkpt lat="-33.80740785" lon="150.86575260"><ele>57.848</ele></trkpt><trkpt lat="-33.80740370" lon="150.86577603"><ele>57.959</ele></trkpt><trkpt lat="-33.80739481" lon="150.86580402"><ele>58.118</ele></trkpt><trkpt lat="-33.80738565" lon="150.86582931"><ele>58.190</ele></trkpt><trkpt lat="-33.80737825" lon="150.86584933"><ele>58.261</ele></trkpt><trkpt lat="-33.80736913" lon="150.86587074"><ele>58.336</ele></trkpt><trkpt lat="-33.80735778" lon="150.86589327"><ele>58.383</ele></trkpt><trkpt lat="-33.80734561" lon="150.86591460"><ele>58.383</ele></trkpt><trkpt lat="-33.80733288" lon="150.86593565"><ele>58.426</ele></trkpt><trkpt lat="-33.80731997" lon="150.86595359"><ele>58.416</ele></trkpt><trkpt lat="-33.80730489" lon="150.86597041"><ele>58.477</ele></trkpt><trkpt lat="-33.80728594" lon="150.86599132"><ele>58.552</ele></trkpt><trkpt lat="-33.80727157" lon="150.86600614"><ele>58.605</ele></trkpt><trkpt lat="-33.80725582" lon="150.86601952"><ele>58.652</ele></trkpt><trkpt lat="-33.80724408" lon="150.86603031"><ele>58.691</ele></trkpt><trkpt lat="-33.80722912" lon="150.86603951"><ele>58.732</ele></trkpt><trkpt lat="-33.80721249" lon="150.86605382"><ele>58.803</ele></trkpt><trkpt lat="-33.80719534" lon="150.86606412"><ele>58.857</ele></trkpt><trkpt lat="-33.80717450" lon="150.86607669"><ele>58.923</ele></trkpt><trkpt lat="-33.80715153" lon="150.86609112"><ele>59.010</ele></trkpt><trkpt lat="-33.80712981" lon="150.86610011"><ele>59.105</ele></trkpt><trkpt lat="-33.80710751" lon="150.86610726"><ele>59.212</ele></trkpt><trkpt lat="-33.80708795" lon="150.86611196"><ele>59.281</ele></trkpt><trkpt lat="-33.80707108" lon="150.86611795"><ele>59.327</ele></trkpt><trkpt lat="-33.80705188" lon="150.86611982"><ele>59.355</ele></trkpt><trkpt lat="-33.80703139" lon="150.86612181"><ele>59.359</ele></trkpt><trkpt lat="-33.80701262" lon="150.86612240"><ele>59.361</ele></trkpt><trkpt lat="-33.80699266" lon="150.86612093"><ele>59.357</ele></trkpt><trkpt lat="-33.80696493" lon="150.86611868"><ele>59.301</ele></trkpt><trkpt lat="-33.80693900" lon="150.86611655"><ele>59.258</ele></trkpt><trkpt lat="-33.80692116" lon="150.86611239"><ele>59.220</ele></trkpt><trkpt lat="-33.80690437" lon="150.86610874"><ele>59.210</ele></trkpt><trkpt lat="-33.80688201" lon="150.86610314"><ele>59.166</ele></trkpt><trkpt lat="-33.80686313" lon="150.86609999"><ele>59.116</ele></trkpt><trkpt lat="-33.80661728" lon="150.86604400"><ele>58.498</ele></trkpt><trkpt lat="-33.80660340" lon="150.86604030"><ele>58.450</ele></trkpt><trkpt lat="-33.80658729" lon="150.86603778"><ele>58.455</ele></trkpt><trkpt lat="-33.80657043" lon="150.86603565"><ele>58.459</ele></trkpt><trkpt lat="-33.80654953" lon="150.86603301"><ele>58.464</ele></trkpt><trkpt lat="-33.80653559" lon="150.86603154"><ele>58.466</ele></trkpt><trkpt lat="-33.80652110" lon="150.86602981"><ele>58.469</ele></trkpt><trkpt lat="-33.80650845" lon="150.86602821"><ele>58.472</ele></trkpt><trkpt lat="-33.80649267" lon="150.86602660"><ele>58.475</ele></trkpt><trkpt lat="-33.80647753" lon="150.86602682"><ele>58.470</ele></trkpt><trkpt lat="-33.80646084" lon="150.86602779"><ele>58.394</ele></trkpt><trkpt lat="-33.80644972" lon="150.86602920"><ele>58.434</ele></trkpt><trkpt lat="-33.80643331" lon="150.86602955"><ele>58.478</ele></trkpt><trkpt lat="-33.80641989" lon="150.86603211"><ele>58.469</ele></trkpt><trkpt lat="-33.80640286" lon="150.86603219"><ele>58.431</ele></trkpt><trkpt lat="-33.80638788" lon="150.86603552"><ele>58.400</ele></trkpt><trkpt lat="-33.80636853" lon="150.86604054"><ele>58.361</ele></trkpt><trkpt lat="-33.80633887" lon="150.86604693"><ele>58.294</ele></trkpt><trkpt lat="-33.80631897" lon="150.86605012"><ele>58.233</ele></trkpt><trkpt lat="-33.80630533" lon="150.86605334"><ele>58.184</ele></trkpt><trkpt lat="-33.80629218" lon="150.86605683"><ele>58.180</ele></trkpt><trkpt lat="-33.80627101" lon="150.86606173"><ele>58.080</ele></trkpt><trkpt lat="-33.80624945" lon="150.86606953"><ele>57.978</ele></trkpt><trkpt lat="-33.80622924" lon="150.86607499"><ele>57.883</ele></trkpt><trkpt lat="-33.80621281" lon="150.86608232"><ele>57.803</ele></trkpt><trkpt lat="-33.80619262" lon="150.86608939"><ele>57.719</ele></trkpt><trkpt lat="-33.80617241" lon="150.86610028"><ele>57.659</ele></trkpt><trkpt lat="-33.80615647" lon="150.86610790"><ele>57.620</ele></trkpt><trkpt lat="-33.80614029" lon="150.86611618"><ele>57.581</ele></trkpt><trkpt lat="-33.80611728" lon="150.86612960"><ele>57.541</ele></trkpt><trkpt lat="-33.80610165" lon="150.86613815"><ele>57.519</ele></trkpt><trkpt lat="-33.80607613" lon="150.86615553"><ele>57.443</ele></trkpt><trkpt lat="-33.80605877" lon="150.86616550"><ele>57.429</ele></trkpt><trkpt lat="-33.80604008" lon="150.86617945"><ele>57.428</ele></trkpt><trkpt lat="-33.80601974" lon="150.86619261"><ele>57.422</ele></trkpt><trkpt lat="-33.80599691" lon="150.86620916"><ele>57.312</ele></trkpt><trkpt lat="-33.80597670" lon="150.86622551"><ele>57.255</ele></trkpt><trkpt lat="-33.80595542" lon="150.86624519"><ele>57.255</ele></trkpt><trkpt lat="-33.80593615" lon="150.86626495"><ele>57.349</ele></trkpt><trkpt lat="-33.80591758" lon="150.86628268"><ele>57.436</ele></trkpt><trkpt lat="-33.80589776" lon="150.86630431"><ele>57.533</ele></trkpt><trkpt lat="-33.80587892" lon="150.86632917"><ele>57.509</ele></trkpt><trkpt lat="-33.80586346" lon="150.86634858"><ele>57.564</ele></trkpt><trkpt lat="-33.80584083" lon="150.86637818"><ele>57.564</ele></trkpt><trkpt lat="-33.80581743" lon="150.86640818"><ele>57.571</ele></trkpt><trkpt lat="-33.80580291" lon="150.86643253"><ele>57.584</ele></trkpt><trkpt lat="-33.80578544" lon="150.86646003"><ele>57.580</ele></trkpt><trkpt lat="-33.80577260" lon="150.86648125"><ele>57.674</ele></trkpt><trkpt lat="-33.80575601" lon="150.86650995"><ele>57.645</ele></trkpt><trkpt lat="-33.80574336" lon="150.86653445"><ele>57.625</ele></trkpt><trkpt lat="-33.80573032" lon="150.86656012"><ele>57.678</ele></trkpt><trkpt lat="-33.80571927" lon="150.86658366"><ele>57.723</ele></trkpt><trkpt lat="-33.80570932" lon="150.86660771"><ele>57.767</ele></trkpt><trkpt lat="-33.80569939" lon="150.86663553"><ele>57.817</ele></trkpt><trkpt lat="-33.80568896" lon="150.86666484"><ele>57.873</ele></trkpt><trkpt lat="-33.80568146" lon="150.86669103"><ele>57.911</ele></trkpt><trkpt lat="-33.80567329" lon="150.86671919"><ele>57.965</ele></trkpt><trkpt lat="-33.80566325" lon="150.86675481"><ele>58.056</ele></trkpt><trkpt lat="-33.80565564" lon="150.86678317"><ele>58.158</ele></trkpt><trkpt lat="-33.80565110" lon="150.86680608"><ele>58.241</ele></trkpt><trkpt lat="-33.80564558" lon="150.86683377"><ele>58.339</ele></trkpt><trkpt lat="-33.80564107" lon="150.86686035"><ele>58.386</ele></trkpt><trkpt lat="-33.80563799" lon="150.86688078"><ele>58.422</ele></trkpt><trkpt lat="-33.80563479" lon="150.86690716"><ele>58.470</ele></trkpt><trkpt lat="-33.80563258" lon="150.86692871"><ele>58.508</ele></trkpt><trkpt lat="-33.80563275" lon="150.86695067"><ele>58.518</ele></trkpt><trkpt lat="-33.80563064" lon="150.86697759"><ele>58.514</ele></trkpt><trkpt lat="-33.80562873" lon="150.86700357"><ele>58.639</ele></trkpt><trkpt lat="-33.80562919" lon="150.86703748"><ele>58.646</ele></trkpt><trkpt lat="-33.80563975" lon="150.86730164"><ele>59.534</ele></trkpt><trkpt lat="-33.80565497" lon="150.86769440"><ele>60.262</ele></trkpt><trkpt lat="-33.80567172" lon="150.86808081"><ele>60.655</ele></trkpt><trkpt lat="-33.80569251" lon="150.86856194"><ele>59.187</ele></trkpt><trkpt lat="-33.80571595" lon="150.86907670"><ele>56.453</ele></trkpt><trkpt lat="-33.80573346" lon="150.86946448"><ele>54.997</ele></trkpt><trkpt lat="-33.80573679" lon="150.86949797"><ele>54.950</ele></trkpt><trkpt lat="-33.80574160" lon="150.86954078"><ele>54.970</ele></trkpt><trkpt lat="-33.80574573" lon="150.86957762"><ele>55.010</ele></trkpt><trkpt lat="-33.80575261" lon="150.86960646"><ele>54.982</ele></trkpt><trkpt lat="-33.80576034" lon="150.86963204"><ele>55.066</ele></trkpt><trkpt lat="-33.80576787" lon="150.86966104"><ele>55.125</ele></trkpt><trkpt lat="-33.80577819" lon="150.86969533"><ele>55.175</ele></trkpt><trkpt lat="-33.80578828" lon="150.86972234"><ele>55.217</ele></trkpt><trkpt lat="-33.80579692" lon="150.86974560"><ele>55.179</ele></trkpt><trkpt lat="-33.80580691" lon="150.86976696"><ele>55.242</ele></trkpt><trkpt lat="-33.80582112" lon="150.86979725"><ele>55.395</ele></trkpt><trkpt lat="-33.80583323" lon="150.86981786"><ele>55.505</ele></trkpt><trkpt lat="-33.80584730" lon="150.86984430"><ele>55.538</ele></trkpt><trkpt lat="-33.80585955" lon="150.86986828"><ele>55.568</ele></trkpt><trkpt lat="-33.80587349" lon="150.86988924"><ele>55.564</ele></trkpt><trkpt lat="-33.80588820" lon="150.86991118"><ele>55.552</ele></trkpt><trkpt lat="-33.80590620" lon="150.86993799"><ele>55.621</ele></trkpt><trkpt lat="-33.80592807" lon="150.86996503"><ele>55.755</ele></trkpt><trkpt lat="-33.80594499" lon="150.86998494"><ele>55.841</ele></trkpt><trkpt lat="-33.80596495" lon="150.87000716"><ele>55.857</ele></trkpt><trkpt lat="-33.80598553" lon="150.87002561"><ele>55.979</ele></trkpt><trkpt lat="-33.80601074" lon="150.87004544"><ele>56.149</ele></trkpt><trkpt lat="-33.80603259" lon="150.87006123"><ele>56.338</ele></trkpt><trkpt lat="-33.80605388" lon="150.87007826"><ele>56.540</ele></trkpt><trkpt lat="-33.80608166" lon="150.87009700"><ele>56.642</ele></trkpt><trkpt lat="-33.80610941" lon="150.87011577"><ele>56.710</ele></trkpt><trkpt lat="-33.80613636" lon="150.87013027"><ele>56.747</ele></trkpt><trkpt lat="-33.80617465" lon="150.87015085"><ele>57.036</ele></trkpt><trkpt lat="-33.80620722" lon="150.87016643"><ele>57.234</ele></trkpt><trkpt lat="-33.80623666" lon="150.87017745"><ele>57.416</ele></trkpt><trkpt lat="-33.80626179" lon="150.87018563"><ele>57.586</ele></trkpt><trkpt lat="-33.80628703" lon="150.87019170"><ele>57.642</ele></trkpt><trkpt lat="-33.80631169" lon="150.87019750"><ele>57.685</ele></trkpt><trkpt lat="-33.80633863" lon="150.87020213"><ele>57.724</ele></trkpt><trkpt lat="-33.80636208" lon="150.87020360"><ele>57.743</ele></trkpt><trkpt lat="-33.80638206" lon="150.87020474"><ele>57.844</ele></trkpt><trkpt lat="-33.80642022" lon="150.87020624"><ele>58.034</ele></trkpt><trkpt lat="-33.80644515" lon="150.87020529"><ele>58.149</ele></trkpt><trkpt lat="-33.80646534" lon="150.87020518"><ele>58.189</ele></trkpt><trkpt lat="-33.80647961" lon="150.87020365"><ele>58.336</ele></trkpt><trkpt lat="-33.80650076" lon="150.87020256"><ele>58.308</ele></trkpt><trkpt lat="-33.80651900" lon="150.87020081"><ele>58.282</ele></trkpt><trkpt lat="-33.80653205" lon="150.87019578"><ele>58.255</ele></trkpt><trkpt lat="-33.80655349" lon="150.87019026"><ele>58.216</ele></trkpt><trkpt lat="-33.80693464" lon="150.87004184"><ele>58.371</ele></trkpt><trkpt lat="-33.80731931" lon="150.86988037"><ele>58.180</ele></trkpt><trkpt lat="-33.80749897" lon="150.86981094"><ele>58.363</ele></trkpt><trkpt lat="-33.80753172" lon="150.86980116"><ele>58.468</ele></trkpt><trkpt lat="-33.80755663" lon="150.86979374"><ele>58.618</ele></trkpt><trkpt lat="-33.80758159" lon="150.86978541"><ele>58.773</ele></trkpt><trkpt lat="-33.80760650" lon="150.86977821"><ele>58.922</ele></trkpt><trkpt lat="-33.80763576" lon="150.86977215"><ele>59.089</ele></trkpt><trkpt lat="-33.80765584" lon="150.86976944"><ele>59.201</ele></trkpt><trkpt lat="-33.80767877" lon="150.86976796"><ele>59.349</ele></trkpt><trkpt lat="-33.80769878" lon="150.86976660"><ele>59.420</ele></trkpt><trkpt lat="-33.80771539" lon="150.86976613"><ele>59.451</ele></trkpt><trkpt lat="-33.80773326" lon="150.86976833"><ele>59.479</ele></trkpt><trkpt lat="-33.80775285" lon="150.86977109"><ele>59.508</ele></trkpt><trkpt lat="-33.80777254" lon="150.86977521"><ele>59.515</ele></trkpt><trkpt lat="-33.80780568" lon="150.86978379"><ele>59.494</ele></trkpt><trkpt lat="-33.80782729" lon="150.86978985"><ele>59.492</ele></trkpt><trkpt lat="-33.80784894" lon="150.86979671"><ele>59.570</ele></trkpt><trkpt lat="-33.80786599" lon="150.86980452"><ele>59.612</ele></trkpt><trkpt lat="-33.80789064" lon="150.86981672"><ele>59.763</ele></trkpt><trkpt lat="-33.80791221" lon="150.86982774"><ele>59.977</ele></trkpt><trkpt lat="-33.80793132" lon="150.86983747"><ele>60.160</ele></trkpt><trkpt lat="-33.80796400" lon="150.86985549"><ele>60.397</ele></trkpt><trkpt lat="-33.80798236" lon="150.86986928"><ele>60.430</ele></trkpt><trkpt lat="-33.80800421" lon="150.86988485"><ele>60.469</ele></trkpt><trkpt lat="-33.80802379" lon="150.86990124"><ele>60.510</ele></trkpt><trkpt lat="-33.80804580" lon="150.86992091"><ele>60.623</ele></trkpt><trkpt lat="-33.80807014" lon="150.86994370"><ele>60.690</ele></trkpt><trkpt lat="-33.80808975" lon="150.86996408"><ele>60.871</ele></trkpt><trkpt lat="-33.80810760" lon="150.86998514"><ele>61.078</ele></trkpt><trkpt lat="-33.80812366" lon="150.87000619"><ele>61.265</ele></trkpt><trkpt lat="-33.80814031" lon="150.87002973"><ele>61.457</ele></trkpt><trkpt lat="-33.80815531" lon="150.87005399"><ele>61.582</ele></trkpt><trkpt lat="-33.80817426" lon="150.87008807"><ele>61.582</ele></trkpt><trkpt lat="-33.80818860" lon="150.87011579"><ele>61.720</ele></trkpt><trkpt lat="-33.80820536" lon="150.87015016"><ele>61.767</ele></trkpt><trkpt lat="-33.80821784" lon="150.87017740"><ele>61.801</ele></trkpt><trkpt lat="-33.80823221" lon="150.87022054"><ele>61.876</ele></trkpt><trkpt lat="-33.80824416" lon="150.87026250"><ele>62.230</ele></trkpt><trkpt lat="-33.80825653" lon="150.87030460"><ele>62.628</ele></trkpt><trkpt lat="-33.80826780" lon="150.87035756"><ele>62.862</ele></trkpt><trkpt lat="-33.80843280" lon="150.87118868"><ele>67.606</ele></trkpt><trkpt lat="-33.80855275" lon="150.87176080"><ele>69.808</ele></trkpt><trkpt lat="-33.80866384" lon="150.87228786"><ele>70.383</ele></trkpt><trkpt lat="-33.80878169" lon="150.87285045"><ele>70.807</ele></trkpt><trkpt lat="-33.80886595" lon="150.87326147"><ele>70.700</ele></trkpt><trkpt lat="-33.80887271" lon="150.87330053"><ele>70.782</ele></trkpt><trkpt lat="-33.80887728" lon="150.87333431"><ele>70.921</ele></trkpt><trkpt lat="-33.80887982" lon="150.87335622"><ele>71.010</ele></trkpt><trkpt lat="-33.80888093" lon="150.87337819"><ele>71.091</ele></trkpt><trkpt lat="-33.80888142" lon="150.87340597"><ele>71.191</ele></trkpt><trkpt lat="-33.80888007" lon="150.87342657"><ele>71.261</ele></trkpt><trkpt lat="-33.80887714" lon="150.87344385"><ele>71.306</ele></trkpt><trkpt lat="-33.80887110" lon="150.87346475"><ele>71.340</ele></trkpt><trkpt lat="-33.80886451" lon="150.87348398"><ele>71.364</ele></trkpt><trkpt lat="-33.80885445" lon="150.87350009"><ele>71.359</ele></trkpt><trkpt lat="-33.80884307" lon="150.87351798"><ele>71.378</ele></trkpt><trkpt lat="-33.80883109" lon="150.87353298"><ele>71.429</ele></trkpt><trkpt lat="-33.80881878" lon="150.87355159"><ele>71.404</ele></trkpt><trkpt lat="-33.80880715" lon="150.87356434"><ele>71.430</ele></trkpt><trkpt lat="-33.80879648" lon="150.87357701"><ele>71.458</ele></trkpt><trkpt lat="-33.80878481" lon="150.87358862"><ele>71.480</ele></trkpt><trkpt lat="-33.80877402" lon="150.87359903"><ele>71.500</ele></trkpt><trkpt lat="-33.80876138" lon="150.87361016"><ele>71.519</ele></trkpt><trkpt lat="-33.80874127" lon="150.87362374"><ele>71.538</ele></trkpt><trkpt lat="-33.80872469" lon="150.87363522"><ele>71.555</ele></trkpt><trkpt lat="-33.80870971" lon="150.87364508"><ele>71.581</ele></trkpt><trkpt lat="-33.80869436" lon="150.87365559"><ele>71.625</ele></trkpt><trkpt lat="-33.80868141" lon="150.87366326"><ele>71.606</ele></trkpt><trkpt lat="-33.80866505" lon="150.87367344"><ele>71.656</ele></trkpt><trkpt lat="-33.80866183" lon="150.87367566"><ele>71.667</ele></trkpt><trkpt lat="-33.80862376" lon="150.87369543"><ele>71.763</ele></trkpt><trkpt lat="-33.80859093" lon="150.87370998"><ele>71.807</ele></trkpt><trkpt lat="-33.80855272" lon="150.87372880"><ele>71.852</ele></trkpt><trkpt lat="-33.80852342" lon="150.87374147"><ele>71.905</ele></trkpt><trkpt lat="-33.80848383" lon="150.87375695"><ele>71.963</ele></trkpt><trkpt lat="-33.80845505" lon="150.87376476"><ele>71.939</ele></trkpt><trkpt lat="-33.80842802" lon="150.87377302"><ele>71.918</ele></trkpt><trkpt lat="-33.80840668" lon="150.87378254"><ele>71.919</ele></trkpt><trkpt lat="-33.80839006" lon="150.87379264"><ele>71.927</ele></trkpt><trkpt lat="-33.80836873" lon="150.87381054"><ele>71.949</ele></trkpt><trkpt lat="-33.80835203" lon="150.87382438"><ele>71.956</ele></trkpt><trkpt lat="-33.80833405" lon="150.87383953"><ele>72.000</ele></trkpt><trkpt lat="-33.80831879" lon="150.87385672"><ele>72.049</ele></trkpt><trkpt lat="-33.80830574" lon="150.87387331"><ele>72.097</ele></trkpt><trkpt lat="-33.80829139" lon="150.87389116"><ele>72.140</ele></trkpt><trkpt lat="-33.80827570" lon="150.87391402"><ele>72.195</ele></trkpt><trkpt lat="-33.80826162" lon="150.87393735"><ele>72.233</ele></trkpt><trkpt lat="-33.80824858" lon="150.87396225"><ele>72.247</ele></trkpt><trkpt lat="-33.80823831" lon="150.87398791"><ele>72.284</ele></trkpt><trkpt lat="-33.80822837" lon="150.87401664"><ele>72.370</ele></trkpt><trkpt lat="-33.80822191" lon="150.87404341"><ele>72.406</ele></trkpt><trkpt lat="-33.80821517" lon="150.87407222"><ele>72.611</ele></trkpt><trkpt lat="-33.80821137" lon="150.87410011"><ele>72.810</ele></trkpt><trkpt lat="-33.80820775" lon="150.87412876"><ele>73.015</ele></trkpt><trkpt lat="-33.80820526" lon="150.87415514"><ele>73.203</ele></trkpt><trkpt lat="-33.80820640" lon="150.87418042"><ele>73.384</ele></trkpt><trkpt lat="-33.80820498" lon="150.87421276"><ele>73.476</ele></trkpt><trkpt lat="-33.80820861" lon="150.87423898"><ele>73.666</ele></trkpt><trkpt lat="-33.80821255" lon="150.87426683"><ele>73.848</ele></trkpt><trkpt lat="-33.80821828" lon="150.87429226"><ele>74.019</ele></trkpt><trkpt lat="-33.80822626" lon="150.87432144"><ele>74.216</ele></trkpt><trkpt lat="-33.80823497" lon="150.87434674"><ele>74.378</ele></trkpt><trkpt lat="-33.80824833" lon="150.87437698"><ele>74.532</ele></trkpt><trkpt lat="-33.80825835" lon="150.87440578"><ele>74.634</ele></trkpt><trkpt lat="-33.80826982" lon="150.87443437"><ele>74.739</ele></trkpt><trkpt lat="-33.80828418" lon="150.87447681"><ele>75.210</ele></trkpt><trkpt lat="-33.80829219" lon="150.87450614"><ele>75.546</ele></trkpt><trkpt lat="-33.80830017" lon="150.87454323"><ele>75.889</ele></trkpt><trkpt lat="-33.80830481" lon="150.87457474"><ele>76.124</ele></trkpt><trkpt lat="-33.80830534" lon="150.87460016"><ele>76.318</ele></trkpt><trkpt lat="-33.80830627" lon="150.87463496"><ele>76.602</ele></trkpt><trkpt lat="-33.80830564" lon="150.87466572"><ele>76.768</ele></trkpt><trkpt lat="-33.80830323" lon="150.87469865"><ele>76.911</ele></trkpt><trkpt lat="-33.80829904" lon="150.87474042"><ele>77.194</ele></trkpt><trkpt lat="-33.80829108" lon="150.87477804"><ele>77.359</ele></trkpt><trkpt lat="-33.80828172" lon="150.87481479"><ele>77.496</ele></trkpt><trkpt lat="-33.80826702" lon="150.87485968"><ele>77.681</ele></trkpt><trkpt lat="-33.80825227" lon="150.87489230"><ele>77.841</ele></trkpt><trkpt lat="-33.80823291" lon="150.87492702"><ele>77.902</ele></trkpt><trkpt lat="-33.80821523" lon="150.87495847"><ele>78.143</ele></trkpt><trkpt lat="-33.80819122" lon="150.87499426"><ele>78.275</ele></trkpt><trkpt lat="-33.80816987" lon="150.87501718"><ele>78.405</ele></trkpt><trkpt lat="-33.80814243" lon="150.87504512"><ele>78.568</ele></trkpt><trkpt lat="-33.80811663" lon="150.87506222"><ele>78.734</ele></trkpt><trkpt lat="-33.80809505" lon="150.87507995"><ele>78.776</ele></trkpt><trkpt lat="-33.80806702" lon="150.87509821"><ele>78.873</ele></trkpt><trkpt lat="-33.80794183" lon="150.87517023"><ele>79.518</ele></trkpt><trkpt lat="-33.80791599" lon="150.87518602"><ele>79.651</ele></trkpt><trkpt lat="-33.80788994" lon="150.87520094"><ele>79.838</ele></trkpt><trkpt lat="-33.80786273" lon="150.87521716"><ele>80.035</ele></trkpt><trkpt lat="-33.80783641" lon="150.87523465"><ele>80.171</ele></trkpt><trkpt lat="-33.80781514" lon="150.87525689"><ele>80.290</ele></trkpt><trkpt lat="-33.80779298" lon="150.87527863"><ele>80.435</ele></trkpt><trkpt lat="-33.80777524" lon="150.87529622"><ele>80.551</ele></trkpt><trkpt lat="-33.80775232" lon="150.87531832"><ele>80.700</ele></trkpt><trkpt lat="-33.80773440" lon="150.87534107"><ele>80.832</ele></trkpt><trkpt lat="-33.80772052" lon="150.87536063"><ele>80.941</ele></trkpt><trkpt lat="-33.80770612" lon="150.87538136"><ele>81.012</ele></trkpt><trkpt lat="-33.80769402" lon="150.87540418"><ele>80.941</ele></trkpt><trkpt lat="-33.80767922" lon="150.87543311"><ele>80.930</ele></trkpt><trkpt lat="-33.80766476" lon="150.87546478"><ele>80.977</ele></trkpt><trkpt lat="-33.80765306" lon="150.87549744"><ele>80.969</ele></trkpt><trkpt lat="-33.80764482" lon="150.87552221"><ele>80.982</ele></trkpt><trkpt lat="-33.80763814" lon="150.87554465"><ele>81.104</ele></trkpt><trkpt lat="-33.80763079" lon="150.87556745"><ele>81.159</ele></trkpt><trkpt lat="-33.80762604" lon="150.87559514"><ele>81.208</ele></trkpt><trkpt lat="-33.80761920" lon="150.87562044"><ele>81.208</ele></trkpt><trkpt lat="-33.80761304" lon="150.87564777"><ele>81.334</ele></trkpt><trkpt lat="-33.80760516" lon="150.87566943"><ele>81.312</ele></trkpt><trkpt lat="-33.80759536" lon="150.87570277"><ele>81.336</ele></trkpt><trkpt lat="-33.80757884" lon="150.87575627"><ele>81.404</ele></trkpt><trkpt lat="-33.80756645" lon="150.87578452"><ele>81.349</ele></trkpt><trkpt lat="-33.80755231" lon="150.87582510"><ele>81.285</ele></trkpt><trkpt lat="-33.80751186" lon="150.87591882"><ele>81.081</ele></trkpt><trkpt lat="-33.80749606" lon="150.87595113"><ele>80.997</ele></trkpt><trkpt lat="-33.80748122" lon="150.87597927"><ele>80.917</ele></trkpt><trkpt lat="-33.80747010" lon="150.87599790"><ele>80.888</ele></trkpt><trkpt lat="-33.80746037" lon="150.87601328"><ele>80.876</ele></trkpt><trkpt lat="-33.80744279" lon="150.87604305"><ele>80.791</ele></trkpt><trkpt lat="-33.80742714" lon="150.87606469"><ele>80.712</ele></trkpt><trkpt lat="-33.80741544" lon="150.87608101"><ele>80.649</ele></trkpt><trkpt lat="-33.80740144" lon="150.87609962"><ele>80.563</ele></trkpt><trkpt lat="-33.80738738" lon="150.87611633"><ele>80.509</ele></trkpt><trkpt lat="-33.80737150" lon="150.87613321"><ele>80.393</ele></trkpt><trkpt lat="-33.80735808" lon="150.87614719"><ele>80.296</ele></trkpt><trkpt lat="-33.80734109" lon="150.87616132"><ele>80.152</ele></trkpt><trkpt lat="-33.80732536" lon="150.87617549"><ele>80.177</ele></trkpt><trkpt lat="-33.80730811" lon="150.87618779"><ele>80.038</ele></trkpt><trkpt lat="-33.80728704" lon="150.87620362"><ele>79.949</ele></trkpt><trkpt lat="-33.80726378" lon="150.87621698"><ele>79.818</ele></trkpt><trkpt lat="-33.80723931" lon="150.87623070"><ele>79.657</ele></trkpt><trkpt lat="-33.80721858" lon="150.87624003"><ele>79.549</ele></trkpt><trkpt lat="-33.80719835" lon="150.87624784"><ele>79.443</ele></trkpt><trkpt lat="-33.80718047" lon="150.87625465"><ele>79.428</ele></trkpt><trkpt lat="-33.80715908" lon="150.87626139"><ele>79.450</ele></trkpt><trkpt lat="-33.80713991" lon="150.87626582"><ele>79.580</ele></trkpt><trkpt lat="-33.80712115" lon="150.87626815"><ele>79.577</ele></trkpt><trkpt lat="-33.80710154" lon="150.87627215"><ele>79.573</ele></trkpt><trkpt lat="-33.80708290" lon="150.87627372"><ele>79.553</ele></trkpt><trkpt lat="-33.80706174" lon="150.87627481"><ele>79.555</ele></trkpt><trkpt lat="-33.80703835" lon="150.87627402"><ele>79.385</ele></trkpt><trkpt lat="-33.80701467" lon="150.87627322"><ele>79.208</ele></trkpt><trkpt lat="-33.80698814" lon="150.87626974"><ele>78.992</ele></trkpt><trkpt lat="-33.80696859" lon="150.87626953"><ele>78.840</ele></trkpt><trkpt lat="-33.80694635" lon="150.87626407"><ele>78.646</ele></trkpt><trkpt lat="-33.80692252" lon="150.87625558"><ele>78.439</ele></trkpt><trkpt lat="-33.80690118" lon="150.87624878"><ele>78.285</ele></trkpt><trkpt lat="-33.80688316" lon="150.87624203"><ele>78.153</ele></trkpt><trkpt lat="-33.80686356" lon="150.87623432"><ele>78.007</ele></trkpt><trkpt lat="-33.80684398" lon="150.87622507"><ele>77.854</ele></trkpt><trkpt lat="-33.80682318" lon="150.87621183"><ele>77.677</ele></trkpt><trkpt lat="-33.80680087" lon="150.87619657"><ele>77.389</ele></trkpt><trkpt lat="-33.80677949" lon="150.87618130"><ele>77.170</ele></trkpt><trkpt lat="-33.80676666" lon="150.87616996"><ele>77.026</ele></trkpt><trkpt lat="-33.80675129" lon="150.87615591"><ele>76.863</ele></trkpt><trkpt lat="-33.80638399" lon="150.87579435"><ele>72.106</ele></trkpt><trkpt lat="-33.80614078" lon="150.87555857"><ele>68.968</ele></trkpt><trkpt lat="-33.80612952" lon="150.87554652"><ele>68.841</ele></trkpt><trkpt lat="-33.80611679" lon="150.87553411"><ele>68.720</ele></trkpt><trkpt lat="-33.80610196" lon="150.87551664"><ele>68.545</ele></trkpt><trkpt lat="-33.80608453" lon="150.87549745"><ele>68.349</ele></trkpt><trkpt lat="-33.80606670" lon="150.87547671"><ele>68.200</ele></trkpt><trkpt lat="-33.80605550" lon="150.87546078"><ele>68.050</ele></trkpt><trkpt lat="-33.80604085" lon="150.87544197"><ele>67.936</ele></trkpt><trkpt lat="-33.80601918" lon="150.87540847"><ele>67.652</ele></trkpt><trkpt lat="-33.80600231" lon="150.87538192"><ele>67.508</ele></trkpt><trkpt lat="-33.80598419" lon="150.87535080"><ele>67.310</ele></trkpt><trkpt lat="-33.80596272" lon="150.87531491"><ele>67.080</ele></trkpt><trkpt lat="-33.80594774" lon="150.87528857"><ele>66.946</ele></trkpt><trkpt lat="-33.80593407" lon="150.87525671"><ele>66.836</ele></trkpt><trkpt lat="-33.80591633" lon="150.87522274"><ele>66.647</ele></trkpt><trkpt lat="-33.80590178" lon="150.87518813"><ele>66.434</ele></trkpt><trkpt lat="-33.80589154" lon="150.87515682"><ele>66.265</ele></trkpt><trkpt lat="-33.80587677" lon="150.87512170"><ele>66.018</ele></trkpt><trkpt lat="-33.80586856" lon="150.87509584"><ele>65.829</ele></trkpt><trkpt lat="-33.80585057" lon="150.87503809"><ele>65.607</ele></trkpt><trkpt lat="-33.80584156" lon="150.87499986"><ele>65.455</ele></trkpt><trkpt lat="-33.80583574" lon="150.87497506"><ele>65.356</ele></trkpt><trkpt lat="-33.80583389" lon="150.87494530"><ele>65.145</ele></trkpt><trkpt lat="-33.80583336" lon="150.87491716"><ele>65.040</ele></trkpt><trkpt lat="-33.80583347" lon="150.87489005"><ele>65.082</ele></trkpt><trkpt lat="-33.80583891" lon="150.87486118"><ele>65.003</ele></trkpt><trkpt lat="-33.80584702" lon="150.87483233"><ele>64.921</ele></trkpt><trkpt lat="-33.80585778" lon="150.87480349"><ele>64.836</ele></trkpt><trkpt lat="-33.80587069" lon="150.87477977"><ele>64.759</ele></trkpt><trkpt lat="-33.80588269" lon="150.87476097"><ele>64.790</ele></trkpt><trkpt lat="-33.80589647" lon="150.87474467"><ele>64.859</ele></trkpt><trkpt lat="-33.80590979" lon="150.87472903"><ele>64.981</ele></trkpt><trkpt lat="-33.80592702" lon="150.87471384"><ele>64.873</ele></trkpt><trkpt lat="-33.80594812" lon="150.87470051"><ele>64.950</ele></trkpt><trkpt lat="-33.80596916" lon="150.87468869"><ele>65.163</ele></trkpt><trkpt lat="-33.80599037" lon="150.87467947"><ele>65.267</ele></trkpt><trkpt lat="-33.80601168" lon="150.87467554"><ele>65.433</ele></trkpt><trkpt lat="-33.80603321" lon="150.87467376"><ele>65.750</ele></trkpt><trkpt lat="-33.80605766" lon="150.87467756"><ele>65.945</ele></trkpt><trkpt lat="-33.80607800" lon="150.87468188"><ele>66.089</ele></trkpt><trkpt lat="-33.80609400" lon="150.87468740"><ele>66.191</ele></trkpt><trkpt lat="-33.80610748" lon="150.87469541"><ele>66.268</ele></trkpt><trkpt lat="-33.80612227" lon="150.87470410"><ele>66.354</ele></trkpt><trkpt lat="-33.80653945" lon="150.87499393"><ele>68.429</ele></trkpt><trkpt lat="-33.80686362" lon="150.87522168"><ele>71.269</ele></trkpt><trkpt lat="-33.80687748" lon="150.87523073"><ele>71.408</ele></trkpt><trkpt lat="-33.80689764" lon="150.87524186"><ele>71.598</ele></trkpt><trkpt lat="-33.80691535" lon="150.87524858"><ele>71.723</ele></trkpt><trkpt lat="-33.80693102" lon="150.87525256"><ele>71.922</ele></trkpt><trkpt lat="-33.80694497" lon="150.87525535"><ele>72.117</ele></trkpt><trkpt lat="-33.80696060" lon="150.87525726"><ele>72.313</ele></trkpt><trkpt lat="-33.80697646" lon="150.87525405"><ele>72.461</ele></trkpt><trkpt lat="-33.80699321" lon="150.87524890"><ele>72.609</ele></trkpt><trkpt lat="-33.80700693" lon="150.87524402"><ele>72.741</ele></trkpt><trkpt lat="-33.80702079" lon="150.87523514"><ele>72.914</ele></trkpt><trkpt lat="-33.80703293" lon="150.87522614"><ele>73.065</ele></trkpt><trkpt lat="-33.80704519" lon="150.87521418"><ele>73.220</ele></trkpt><trkpt lat="-33.80705626" lon="150.87520064"><ele>73.360</ele></trkpt><trkpt lat="-33.80706953" lon="150.87518467"><ele>73.529</ele></trkpt><trkpt lat="-33.80707902" lon="150.87516691"><ele>73.661</ele></trkpt><trkpt lat="-33.80708443" lon="150.87515516"><ele>73.759</ele></trkpt><trkpt lat="-33.80709034" lon="150.87513764"><ele>73.935</ele></trkpt><trkpt lat="-33.80709441" lon="150.87512451"><ele>74.063</ele></trkpt><trkpt lat="-33.80709717" lon="150.87511098"><ele>74.173</ele></trkpt><trkpt lat="-33.80709861" lon="150.87509910"><ele>74.256</ele></trkpt><trkpt lat="-33.80710223" lon="150.87508270"><ele>74.394</ele></trkpt><trkpt lat="-33.80710068" lon="150.87507248"><ele>74.436</ele></trkpt><trkpt lat="-33.80709920" lon="150.87505826"><ele>74.483</ele></trkpt><trkpt lat="-33.80709894" lon="150.87504665"><ele>74.532</ele></trkpt><trkpt lat="-33.80709581" lon="150.87503152"><ele>74.566</ele></trkpt><trkpt lat="-33.80709269" lon="150.87501645"><ele>74.599</ele></trkpt><trkpt lat="-33.80708675" lon="150.87499589"><ele>74.638</ele></trkpt><trkpt lat="-33.80696253" lon="150.87443457"><ele>75.763</ele></trkpt><trkpt lat="-33.80695929" lon="150.87442070"><ele>75.740</ele></trkpt><trkpt lat="-33.80695368" lon="150.87440349"><ele>75.683</ele></trkpt><trkpt lat="-33.80694672" lon="150.87438982"><ele>75.601</ele></trkpt><trkpt lat="-33.80693931" lon="150.87437863"><ele>75.549</ele></trkpt><trkpt lat="-33.80692985" lon="150.87436486"><ele>75.497</ele></trkpt><trkpt lat="-33.80692282" lon="150.87435616"><ele>75.465</ele></trkpt><trkpt lat="-33.80691329" lon="150.87434438"><ele>75.422</ele></trkpt><trkpt lat="-33.80690369" lon="150.87433459"><ele>75.366</ele></trkpt><trkpt lat="-33.80689153" lon="150.87432370"><ele>75.313</ele></trkpt><trkpt lat="-33.80687682" lon="150.87431170"><ele>75.266</ele></trkpt><trkpt lat="-33.80686595" lon="150.87430030"><ele>75.238</ele></trkpt><trkpt lat="-33.80685749" lon="150.87429398"><ele>75.209</ele></trkpt><trkpt lat="-33.80684576" lon="150.87428151"><ele>75.179</ele></trkpt><trkpt lat="-33.80683460" lon="150.87427414"><ele>75.101</ele></trkpt><trkpt lat="-33.80682159" lon="150.87426322"><ele>75.011</ele></trkpt><trkpt lat="-33.80664631" lon="150.87410924"><ele>74.670</ele></trkpt><trkpt lat="-33.80663589" lon="150.87410043"><ele>74.605</ele></trkpt><trkpt lat="-33.80660782" lon="150.87407596"><ele>74.431</ele></trkpt><trkpt lat="-33.80657745" lon="150.87404770"><ele>74.242</ele></trkpt><trkpt lat="-33.80630819" lon="150.87380002"><ele>73.042</ele></trkpt><trkpt lat="-33.80615829" lon="150.87366884"><ele>72.063</ele></trkpt><trkpt lat="-33.80614391" lon="150.87365648"><ele>71.889</ele></trkpt><trkpt lat="-33.80612958" lon="150.87364195"><ele>71.799</ele></trkpt><trkpt lat="-33.80611556" lon="150.87362683"><ele>71.634</ele></trkpt><trkpt lat="-33.80610149" lon="150.87361165"><ele>71.482</ele></trkpt><trkpt lat="-33.80607084" lon="150.87357721"><ele>71.186</ele></trkpt><trkpt lat="-33.80605090" lon="150.87355478"><ele>70.961</ele></trkpt><trkpt lat="-33.80603652" lon="150.87353705"><ele>70.802</ele></trkpt><trkpt lat="-33.80601864" lon="150.87351272"><ele>70.678</ele></trkpt><trkpt lat="-33.80600504" lon="150.87349697"><ele>70.590</ele></trkpt><trkpt lat="-33.80598664" lon="150.87347091"><ele>70.454</ele></trkpt><trkpt lat="-33.80597082" lon="150.87345019"><ele>70.369</ele></trkpt><trkpt lat="-33.80595739" lon="150.87343011"><ele>70.429</ele></trkpt><trkpt lat="-33.80593883" lon="150.87339902"><ele>70.198</ele></trkpt><trkpt lat="-33.80592370" lon="150.87337027"><ele>70.087</ele></trkpt><trkpt lat="-33.80590933" lon="150.87334613"><ele>69.882</ele></trkpt><trkpt lat="-33.80589498" lon="150.87331531"><ele>69.625</ele></trkpt><trkpt lat="-33.80588117" lon="150.87328701"><ele>69.522</ele></trkpt><trkpt lat="-33.80587053" lon="150.87326370"><ele>69.451</ele></trkpt><trkpt lat="-33.80585827" lon="150.87323160"><ele>69.394</ele></trkpt><trkpt lat="-33.80584558" lon="150.87319793"><ele>69.304</ele></trkpt><trkpt lat="-33.80583380" lon="150.87316436"><ele>69.189</ele></trkpt><trkpt lat="-33.80582229" lon="150.87312801"><ele>68.923</ele></trkpt><trkpt lat="-33.80581067" lon="150.87308945"><ele>68.777</ele></trkpt><trkpt lat="-33.80580080" lon="150.87305181"><ele>68.584</ele></trkpt><trkpt lat="-33.80579325" lon="150.87301934"><ele>68.420</ele></trkpt><trkpt lat="-33.80578790" lon="150.87299327"><ele>68.237</ele></trkpt><trkpt lat="-33.80578419" lon="150.87296204"><ele>68.093</ele></trkpt><trkpt lat="-33.80578085" lon="150.87293488"><ele>67.946</ele></trkpt><trkpt lat="-33.80577784" lon="150.87291399"><ele>67.813</ele></trkpt><trkpt lat="-33.80574741" lon="150.87257441"><ele>66.453</ele></trkpt><trkpt lat="-33.80569235" lon="150.87198063"><ele>63.798</ele></trkpt><trkpt lat="-33.80568879" lon="150.87193338"><ele>63.605</ele></trkpt><trkpt lat="-33.80568577" lon="150.87190716"><ele>63.455</ele></trkpt><trkpt lat="-33.80568471" lon="150.87188223"><ele>63.315</ele></trkpt><trkpt lat="-33.80568115" lon="150.87185317"><ele>63.264</ele></trkpt><trkpt lat="-33.80568007" lon="150.87183248"><ele>63.230</ele></trkpt><trkpt lat="-33.80563314" lon="150.87140209"><ele>61.372</ele></trkpt><trkpt lat="-33.80563094" lon="150.87138602"><ele>61.316</ele></trkpt><trkpt lat="-33.80562722" lon="150.87137171"><ele>61.286</ele></trkpt><trkpt lat="-33.80562454" lon="150.87135629"><ele>61.249</ele></trkpt><trkpt lat="-33.80561940" lon="150.87133784"><ele>61.197</ele></trkpt><trkpt lat="-33.80561075" lon="150.87131422"><ele>61.151</ele></trkpt><trkpt lat="-33.80560447" lon="150.87129540"><ele>61.084</ele></trkpt><trkpt lat="-33.80559610" lon="150.87128014"><ele>61.008</ele></trkpt><trkpt lat="-33.80558726" lon="150.87126305"><ele>60.925</ele></trkpt><trkpt lat="-33.80557600" lon="150.87124532"><ele>60.945</ele></trkpt><trkpt lat="-33.80556354" lon="150.87122867"><ele>60.821</ele></trkpt><trkpt lat="-33.80555154" lon="150.87121380"><ele>60.713</ele></trkpt><trkpt lat="-33.80553642" lon="150.87119876"><ele>60.591</ele></trkpt><trkpt lat="-33.80552223" lon="150.87118610"><ele>60.482</ele></trkpt><trkpt lat="-33.80550846" lon="150.87117523"><ele>60.382</ele></trkpt><trkpt lat="-33.80548479" lon="150.87116142"><ele>60.235</ele></trkpt><trkpt lat="-33.80547028" lon="150.87115201"><ele>60.173</ele></trkpt><trkpt lat="-33.80544963" lon="150.87114365"><ele>60.100</ele></trkpt><trkpt lat="-33.80543084" lon="150.87113895"><ele>60.035</ele></trkpt><trkpt lat="-33.80541142" lon="150.87113482"><ele>59.979</ele></trkpt><trkpt lat="-33.80539616" lon="150.87113368"><ele>59.940</ele></trkpt><trkpt lat="-33.80537626" lon="150.87113140"><ele>59.867</ele></trkpt><trkpt lat="-33.80535971" lon="150.87113004"><ele>59.785</ele></trkpt><trkpt lat="-33.80534847" lon="150.87112926"><ele>59.729</ele></trkpt><trkpt lat="-33.80533118" lon="150.87113170"><ele>59.649</ele></trkpt><trkpt lat="-33.80531783" lon="150.87113301"><ele>59.586</ele></trkpt><trkpt lat="-33.80530911" lon="150.87113489"><ele>59.510</ele></trkpt><trkpt lat="-33.80529415" lon="150.87114093"><ele>59.403</ele></trkpt><trkpt lat="-33.80527743" lon="150.87114787"><ele>59.282</ele></trkpt><trkpt lat="-33.80526440" lon="150.87115458"><ele>59.076</ele></trkpt><trkpt lat="-33.80525295" lon="150.87116141"><ele>58.936</ele></trkpt><trkpt lat="-33.80523505" lon="150.87117313"><ele>58.714</ele></trkpt><trkpt lat="-33.80522021" lon="150.87118509"><ele>58.555</ele></trkpt><trkpt lat="-33.80520464" lon="150.87119949"><ele>58.391</ele></trkpt><trkpt lat="-33.80519285" lon="150.87121262"><ele>58.281</ele></trkpt><trkpt lat="-33.80517831" lon="150.87122877"><ele>58.181</ele></trkpt><trkpt lat="-33.80516871" lon="150.87124308"><ele>58.104</ele></trkpt><trkpt lat="-33.80515968" lon="150.87125936"><ele>58.020</ele></trkpt><trkpt lat="-33.80515073" lon="150.87127401"><ele>57.965</ele></trkpt><trkpt lat="-33.80514196" lon="150.87129378"><ele>57.939</ele></trkpt><trkpt lat="-33.80513386" lon="150.87131288"><ele>57.895</ele></trkpt><trkpt lat="-33.80512772" lon="150.87133194"><ele>57.841</ele></trkpt><trkpt lat="-33.80512212" lon="150.87134813"><ele>57.797</ele></trkpt><trkpt lat="-33.80511846" lon="150.87136227"><ele>57.755</ele></trkpt><trkpt lat="-33.80511265" lon="150.87138321"><ele>57.727</ele></trkpt><trkpt lat="-33.80510927" lon="150.87139987"><ele>57.698</ele></trkpt><trkpt lat="-33.80510772" lon="150.87141806"><ele>57.662</ele></trkpt><trkpt lat="-33.80509534" lon="150.87189641"><ele>57.513</ele></trkpt><trkpt lat="-33.80508186" lon="150.87251679"><ele>58.723</ele></trkpt><trkpt lat="-33.80507366" lon="150.87297019"><ele>58.955</ele></trkpt><trkpt lat="-33.80505212" lon="150.87405845"><ele>60.429</ele></trkpt><trkpt lat="-33.80504497" lon="150.87439811"><ele>61.303</ele></trkpt><trkpt lat="-33.80504537" lon="150.87443222"><ele>61.391</ele></trkpt><trkpt lat="-33.80504622" lon="150.87445750"><ele>61.463</ele></trkpt><trkpt lat="-33.80504596" lon="150.87448936"><ele>61.565</ele></trkpt><trkpt lat="-33.80504721" lon="150.87451264"><ele>61.654</ele></trkpt><trkpt lat="-33.80504810" lon="150.87453562"><ele>61.732</ele></trkpt><trkpt lat="-33.80505066" lon="150.87457162"><ele>61.781</ele></trkpt><trkpt lat="-33.80505248" lon="150.87460195"><ele>61.823</ele></trkpt><trkpt lat="-33.80505891" lon="150.87469034"><ele>62.118</ele></trkpt><trkpt lat="-33.80506348" lon="150.87472805"><ele>62.253</ele></trkpt><trkpt lat="-33.80506616" lon="150.87475423"><ele>62.290</ele></trkpt><trkpt lat="-33.80507343" lon="150.87479876"><ele>62.448</ele></trkpt><trkpt lat="-33.80508083" lon="150.87483402"><ele>62.610</ele></trkpt><trkpt lat="-33.80509010" lon="150.87487436"><ele>62.747</ele></trkpt><trkpt lat="-33.80509544" lon="150.87489410"><ele>62.821</ele></trkpt><trkpt lat="-33.80510315" lon="150.87492628"><ele>62.847</ele></trkpt><trkpt lat="-33.80511176" lon="150.87496052"><ele>63.073</ele></trkpt><trkpt lat="-33.80511876" lon="150.87498638"><ele>63.176</ele></trkpt><trkpt lat="-33.80512931" lon="150.87501792"><ele>63.296</ele></trkpt><trkpt lat="-33.80513829" lon="150.87504940"><ele>63.311</ele></trkpt><trkpt lat="-33.80514886" lon="150.87507899"><ele>63.295</ele></trkpt><trkpt lat="-33.80515519" lon="150.87509656"><ele>63.333</ele></trkpt><trkpt lat="-33.80516686" lon="150.87512658"><ele>63.394</ele></trkpt><trkpt lat="-33.80517350" lon="150.87514458"><ele>63.432</ele></trkpt><trkpt lat="-33.80518016" lon="150.87516326"><ele>63.476</ele></trkpt><trkpt lat="-33.80519112" lon="150.87518918"><ele>63.542</ele></trkpt><trkpt lat="-33.80519995" lon="150.87520986"><ele>63.601</ele></trkpt><trkpt lat="-33.80520879" lon="150.87523388"><ele>63.673</ele></trkpt><trkpt lat="-33.80521924" lon="150.87525446"><ele>63.758</ele></trkpt><trkpt lat="-33.80522788" lon="150.87527183"><ele>63.746</ele></trkpt><trkpt lat="-33.80523796" lon="150.87529257"><ele>63.761</ele></trkpt><trkpt lat="-33.80524666" lon="150.87531086"><ele>63.862</ele></trkpt><trkpt lat="-33.80525826" lon="150.87533010"><ele>63.960</ele></trkpt><trkpt lat="-33.80526667" lon="150.87534609"><ele>64.048</ele></trkpt><trkpt lat="-33.80528418" lon="150.87537339"><ele>64.389</ele></trkpt><trkpt lat="-33.80530949" lon="150.87541371"><ele>64.720</ele></trkpt><trkpt lat="-33.80531835" lon="150.87542874"><ele>64.896</ele></trkpt><trkpt lat="-33.80533405" lon="150.87545100"><ele>64.986</ele></trkpt><trkpt lat="-33.80534919" lon="150.87547253"><ele>65.095</ele></trkpt><trkpt lat="-33.80536607" lon="150.87549616"><ele>65.213</ele></trkpt><trkpt lat="-33.80538812" lon="150.87552614"><ele>65.361</ele></trkpt><trkpt lat="-33.80540564" lon="150.87554998"><ele>65.473</ele></trkpt><trkpt lat="-33.80542106" lon="150.87557004"><ele>65.553</ele></trkpt><trkpt lat="-33.80543618" lon="150.87558791"><ele>65.600</ele></trkpt><trkpt lat="-33.80545326" lon="150.87560690"><ele>65.722</ele></trkpt><trkpt lat="-33.80547176" lon="150.87562767"><ele>65.792</ele></trkpt><trkpt lat="-33.80548791" lon="150.87564557"><ele>65.882</ele></trkpt><trkpt lat="-33.80550398" lon="150.87566337"><ele>65.976</ele></trkpt><trkpt lat="-33.80551972" lon="150.87567897"><ele>66.053</ele></trkpt><trkpt lat="-33.80553560" lon="150.87569366"><ele>66.126</ele></trkpt><trkpt lat="-33.80555426" lon="150.87571144"><ele>66.240</ele></trkpt><trkpt lat="-33.80557279" lon="150.87572548"><ele>66.339</ele></trkpt><trkpt lat="-33.80559191" lon="150.87573972"><ele>66.418</ele></trkpt><trkpt lat="-33.80577519" lon="150.87587368"><ele>66.885</ele></trkpt><trkpt lat="-33.80578696" lon="150.87588337"><ele>66.965</ele></trkpt><trkpt lat="-33.80579617" lon="150.87589053"><ele>66.930</ele></trkpt><trkpt lat="-33.80580760" lon="150.87590160"><ele>67.025</ele></trkpt><trkpt lat="-33.80582267" lon="150.87591364"><ele>67.145</ele></trkpt><trkpt lat="-33.80583344" lon="150.87592397"><ele>67.235</ele></trkpt><trkpt lat="-33.80584302" lon="150.87593453"><ele>67.212</ele></trkpt><trkpt lat="-33.80585209" lon="150.87594565"><ele>67.236</ele></trkpt><trkpt lat="-33.80586307" lon="150.87596027"><ele>67.258</ele></trkpt><trkpt lat="-33.80587260" lon="150.87597311"><ele>67.288</ele></trkpt><trkpt lat="-33.80588422" lon="150.87599026"><ele>67.361</ele></trkpt><trkpt lat="-33.80589278" lon="150.87600711"><ele>67.423</ele></trkpt><trkpt lat="-33.80590063" lon="150.87602368"><ele>67.480</ele></trkpt><trkpt lat="-33.80590925" lon="150.87604526"><ele>67.543</ele></trkpt><trkpt lat="-33.80591740" lon="150.87606554"><ele>67.603</ele></trkpt><trkpt lat="-33.80592652" lon="150.87610172"><ele>67.597</ele></trkpt><trkpt lat="-33.80593412" lon="150.87613083"><ele>67.742</ele></trkpt><trkpt lat="-33.80593789" lon="150.87616233"><ele>67.816</ele></trkpt><trkpt lat="-33.80593994" lon="150.87618959"><ele>67.874</ele></trkpt><trkpt lat="-33.80594136" lon="150.87621530"><ele>67.918</ele></trkpt><trkpt lat="-33.80594054" lon="150.87623426"><ele>67.918</ele></trkpt><trkpt lat="-33.80593813" lon="150.87625597"><ele>67.939</ele></trkpt><trkpt lat="-33.80593391" lon="150.87628256"><ele>68.032</ele></trkpt><trkpt lat="-33.80589558" lon="150.87649203"><ele>68.311</ele></trkpt><trkpt lat="-33.80583785" lon="150.87676861"><ele>69.191</ele></trkpt><trkpt lat="-33.80581004" lon="150.87690419"><ele>69.701</ele></trkpt><trkpt lat="-33.80577349" lon="150.87704610"><ele>70.300</ele></trkpt><trkpt lat="-33.80576492" lon="150.87706937"><ele>70.402</ele></trkpt><trkpt lat="-33.80576030" lon="150.87708146"><ele>70.454</ele></trkpt><trkpt lat="-33.80575350" lon="150.87709742"><ele>70.521</ele></trkpt><trkpt lat="-33.80574381" lon="150.87711848"><ele>70.607</ele></trkpt><trkpt lat="-33.80573745" lon="150.87713088"><ele>70.656</ele></trkpt><trkpt lat="-33.80572770" lon="150.87715016"><ele>70.639</ele></trkpt><trkpt lat="-33.80571759" lon="150.87716703"><ele>70.719</ele></trkpt><trkpt lat="-33.80570999" lon="150.87717818"><ele>70.771</ele></trkpt><trkpt lat="-33.80569945" lon="150.87719098"><ele>70.829</ele></trkpt><trkpt lat="-33.80568116" lon="150.87721236"><ele>70.919</ele></trkpt><trkpt lat="-33.80566278" lon="150.87723315"><ele>71.000</ele></trkpt><trkpt lat="-33.80564848" lon="150.87724897"><ele>71.061</ele></trkpt><trkpt lat="-33.80563025" lon="150.87726748"><ele>71.127</ele></trkpt><trkpt lat="-33.80561703" lon="150.87727762"><ele>71.268</ele></trkpt><trkpt lat="-33.80560113" lon="150.87729230"><ele>71.277</ele></trkpt><trkpt lat="-33.80558531" lon="150.87730320"><ele>71.239</ele></trkpt><trkpt lat="-33.80557123" lon="150.87731347"><ele>71.243</ele></trkpt><trkpt lat="-33.80555181" lon="150.87732727"><ele>71.260</ele></trkpt><trkpt lat="-33.80553590" lon="150.87733717"><ele>71.279</ele></trkpt><trkpt lat="-33.80551589" lon="150.87734774"><ele>71.341</ele></trkpt><trkpt lat="-33.80550114" lon="150.87735358"><ele>71.407</ele></trkpt><trkpt lat="-33.80548207" lon="150.87736049"><ele>71.420</ele></trkpt><trkpt lat="-33.80546278" lon="150.87736848"><ele>71.472</ele></trkpt><trkpt lat="-33.80544767" lon="150.87737230"><ele>71.500</ele></trkpt><trkpt lat="-33.80542287" lon="150.87738019"><ele>71.797</ele></trkpt><trkpt lat="-33.80540265" lon="150.87738576"><ele>71.897</ele></trkpt><trkpt lat="-33.80538706" lon="150.87739023"><ele>71.949</ele></trkpt><trkpt lat="-33.80536559" lon="150.87739344"><ele>71.986</ele></trkpt><trkpt lat="-33.80534631" lon="150.87739536"><ele>72.015</ele></trkpt><trkpt lat="-33.80532526" lon="150.87739717"><ele>72.044</ele></trkpt><trkpt lat="-33.80529517" lon="150.87739759"><ele>72.075</ele></trkpt><trkpt lat="-33.80527729" lon="150.87739708"><ele>72.034</ele></trkpt><trkpt lat="-33.80525558" lon="150.87739649"><ele>72.137</ele></trkpt><trkpt lat="-33.80523618" lon="150.87739477"><ele>72.126</ele></trkpt><trkpt lat="-33.80521794" lon="150.87739177"><ele>72.154</ele></trkpt><trkpt lat="-33.80520630" lon="150.87738931"><ele>72.178</ele></trkpt><trkpt lat="-33.80518743" lon="150.87738490"><ele>72.212</ele></trkpt><trkpt lat="-33.80515969" lon="150.87737787"><ele>72.245</ele></trkpt><trkpt lat="-33.80514597" lon="150.87737462"><ele>72.311</ele></trkpt><trkpt lat="-33.80512925" lon="150.87736814"><ele>72.442</ele></trkpt><trkpt lat="-33.80511537" lon="150.87736201"><ele>72.547</ele></trkpt><trkpt lat="-33.80510222" lon="150.87735776"><ele>72.536</ele></trkpt><trkpt lat="-33.80509234" lon="150.87735254"><ele>72.570</ele></trkpt><trkpt lat="-33.80508026" lon="150.87734625"><ele>72.612</ele></trkpt><trkpt lat="-33.80507021" lon="150.87733928"><ele>72.642</ele></trkpt><trkpt lat="-33.80505963" lon="150.87733352"><ele>72.636</ele></trkpt><trkpt lat="-33.80504956" lon="150.87732730"><ele>72.621</ele></trkpt><trkpt lat="-33.80502743" lon="150.87731497"><ele>72.593</ele></trkpt><trkpt lat="-33.80501697" lon="150.87730705"><ele>72.563</ele></trkpt><trkpt lat="-33.80500508" lon="150.87729829"><ele>72.467</ele></trkpt><trkpt lat="-33.80498879" lon="150.87728668"><ele>72.440</ele></trkpt><trkpt lat="-33.80497354" lon="150.87727404"><ele>72.409</ele></trkpt><trkpt lat="-33.80496089" lon="150.87726381"><ele>72.350</ele></trkpt><trkpt lat="-33.80494799" lon="150.87725107"><ele>72.273</ele></trkpt><trkpt lat="-33.80493823" lon="150.87724203"><ele>72.219</ele></trkpt><trkpt lat="-33.80492973" lon="150.87723411"><ele>72.175</ele></trkpt><trkpt lat="-33.80491888" lon="150.87722224"><ele>72.129</ele></trkpt><trkpt lat="-33.80490845" lon="150.87721294"><ele>72.121</ele></trkpt><trkpt lat="-33.80489755" lon="150.87720007"><ele>72.118</ele></trkpt><trkpt lat="-33.80488706" lon="150.87718697"><ele>72.114</ele></trkpt><trkpt lat="-33.80487640" lon="150.87717620"><ele>72.135</ele></trkpt><trkpt lat="-33.80486769" lon="150.87716475"><ele>72.166</ele></trkpt><trkpt lat="-33.80485847" lon="150.87715202"><ele>72.176</ele></trkpt><trkpt lat="-33.80485025" lon="150.87713943"><ele>72.182</ele></trkpt><trkpt lat="-33.80484113" lon="150.87712634"><ele>72.131</ele></trkpt><trkpt lat="-33.80483237" lon="150.87711163"><ele>72.101</ele></trkpt><trkpt lat="-33.80482320" lon="150.87709683"><ele>72.086</ele></trkpt><trkpt lat="-33.80481661" lon="150.87708375"><ele>72.059</ele></trkpt><trkpt lat="-33.80480829" lon="150.87706872"><ele>72.097</ele></trkpt><trkpt lat="-33.80480191" lon="150.87705731"><ele>72.126</ele></trkpt><trkpt lat="-33.80479742" lon="150.87704603"><ele>72.144</ele></trkpt><trkpt lat="-33.80479073" lon="150.87703278"><ele>72.164</ele></trkpt><trkpt lat="-33.80478495" lon="150.87702247"><ele>72.156</ele></trkpt><trkpt lat="-33.80477983" lon="150.87701064"><ele>72.055</ele></trkpt><trkpt lat="-33.80477400" lon="150.87699631"><ele>72.013</ele></trkpt><trkpt lat="-33.80476351" lon="150.87697639"><ele>71.979</ele></trkpt><trkpt lat="-33.80475858" lon="150.87696548"><ele>71.964</ele></trkpt><trkpt lat="-33.80475278" lon="150.87695280"><ele>71.951</ele></trkpt><trkpt lat="-33.80474887" lon="150.87693985"><ele>71.939</ele></trkpt><trkpt lat="-33.80474471" lon="150.87692559"><ele>71.925</ele></trkpt><trkpt lat="-33.80473971" lon="150.87690969"><ele>71.911</ele></trkpt><trkpt lat="-33.80473272" lon="150.87689227"><ele>71.898</ele></trkpt><trkpt lat="-33.80472668" lon="150.87687543"><ele>71.867</ele></trkpt><trkpt lat="-33.80471703" lon="150.87684797"><ele>71.839</ele></trkpt><trkpt lat="-33.80471103" lon="150.87682942"><ele>71.818</ele></trkpt><trkpt lat="-33.80470556" lon="150.87680949"><ele>71.791</ele></trkpt><trkpt lat="-33.80470141" lon="150.87678896"><ele>71.723</ele></trkpt><trkpt lat="-33.80469500" lon="150.87675875"><ele>71.683</ele></trkpt><trkpt lat="-33.80469041" lon="150.87672926"><ele>71.666</ele></trkpt><trkpt lat="-33.80465678" lon="150.87654276"><ele>71.688</ele></trkpt><trkpt lat="-33.80461068" lon="150.87630278"><ele>71.224</ele></trkpt><trkpt lat="-33.80456538" lon="150.87605307"><ele>70.701</ele></trkpt><trkpt lat="-33.80450717" lon="150.87571944"><ele>69.883</ele></trkpt><trkpt lat="-33.80446256" lon="150.87545730"><ele>69.137</ele></trkpt><trkpt lat="-33.80441366" lon="150.87516446"><ele>67.059</ele></trkpt><trkpt lat="-33.80436129" lon="150.87485996"><ele>65.947</ele></trkpt><trkpt lat="-33.80429830" lon="150.87448466"><ele>64.143</ele></trkpt><trkpt lat="-33.80422472" lon="150.87405315"><ele>62.390</ele></trkpt><trkpt lat="-33.80418520" lon="150.87382136"><ele>61.955</ele></trkpt><trkpt lat="-33.80410361" lon="150.87333955"><ele>60.362</ele></trkpt><trkpt lat="-33.80404604" lon="150.87300780"><ele>59.573</ele></trkpt><trkpt lat="-33.80396200" lon="150.87250811"><ele>58.428</ele></trkpt><trkpt lat="-33.80386834" lon="150.87195886"><ele>57.006</ele></trkpt><trkpt lat="-33.80376507" lon="150.87134734"><ele>56.288</ele></trkpt><trkpt lat="-33.80369639" lon="150.87095358"><ele>55.489</ele></trkpt></trkseg></trk></gpx>