<?xml version="1.0" encoding="UTF-8"?>
<gpx version="1.1" creator="Send-It DEM enrich">
  <trk><name>the_bend_gt</name><trkseg>
    <trkpt lat="-35.30832630" lon="139.51136435"><ele>14.000</ele></trkpt>
    <trkpt lat="-35.30829937" lon="139.51084085"><ele>15.000</ele></trkpt>
    <trkpt lat="-35.30831027" lon="139.51106797"><ele>15.000</ele></trkpt>
    <trkpt lat="-35.30810181" lon="139.51108256"><ele>15.000</ele></trkpt>
    <trkpt lat="-35.30792301" lon="139.51109958"><ele>15.000</ele></trkpt>
    <trkpt lat="-35.30778145" lon="139.51111281"><ele>15.000</ele></trkpt>
    <trkpt lat="-35.30748935" lon="139.51113665"><ele>14.000</ele></trkpt>
    <trkpt lat="-35.30716814" lon="139.51116336"><ele>14.000</ele></trkpt>
    <trkpt lat="-35.30676490" lon="139.51119514"><ele>14.000</ele></trkpt>
    <trkpt lat="-35.30637572" lon="139.51122799"><ele>12.000</ele></trkpt>
    <trkpt lat="-35.30602210" lon="139.51126134"><ele>14.000</ele></trkpt>
    <trkpt lat="-35.30567067" lon="139.51129380"><ele>17.000</ele></trkpt>
    <trkpt lat="-35.30537295" lon="139.51131876"><ele>17.000</ele></trkpt>
    <trkpt lat="-35.30524625" lon="139.51132897"><ele>17.000</ele></trkpt>
    <trkpt lat="-35.30478229" lon="139.51136258"><ele>16.000</ele></trkpt>
    <trkpt lat="-35.30459767" lon="139.51138054"><ele>16.000</ele></trkpt>
    <trkpt lat="-35.30440734" lon="139.51139900"><ele>16.000</ele></trkpt>
    <trkpt lat="-35.30416493" lon="139.51141554"><ele>17.000</ele></trkpt>
    <trkpt lat="-35.30357482" lon="139.51146334"><ele>16.000</ele></trkpt>
    <trkpt lat="-35.30298836" lon="139.51150916"><ele>18.000</ele></trkpt>
    <trkpt lat="-35.30270439" lon="139.51153850"><ele>18.000</ele></trkpt>
    <trkpt lat="-35.30256948" lon="139.51154969"><ele>17.000</ele></trkpt>
    <trkpt lat="-35.30253094" lon="139.51155584"><ele>17.000</ele></trkpt>
    <trkpt lat="-35.30247640" lon="139.51156130"><ele>17.000</ele></trkpt>
    <trkpt lat="-35.30244140" lon="139.51157214"><ele>17.000</ele></trkpt>
    <trkpt lat="-35.30239995" lon="139.51159138"><ele>17.000</ele></trkpt>
    <trkpt lat="-35.30236731" lon="139.51161539"><ele>17.000</ele></trkpt>
    <trkpt lat="-35.30234076" lon="139.51164273"><ele>16.000</ele></trkpt>
    <trkpt lat="-35.30231413" lon="139.51167547"><ele>16.000</ele></trkpt>
    <trkpt lat="-35.30228098" lon="139.51171765"><ele>16.000</ele></trkpt>
    <trkpt lat="-35.30226117" lon="139.51176268"><ele>16.000</ele></trkpt>
    <trkpt lat="-35.30225292" lon="139.51180361"><ele>17.000</ele></trkpt>
    <trkpt lat="-35.30224745" lon="139.51183776"><ele>17.000</ele></trkpt>
    <trkpt lat="-35.30224025" lon="139.51189255"><ele>17.000</ele></trkpt>
    <trkpt lat="-35.30223386" lon="139.51217996"><ele>17.000</ele></trkpt>
    <trkpt lat="-35.30222878" lon="139.51264837"><ele>17.000</ele></trkpt>
    <trkpt lat="-35.30222295" lon="139.51272139"><ele>17.000</ele></trkpt>
    <trkpt lat="-35.30221645" lon="139.51276604"><ele>17.000</ele></trkpt>
    <trkpt lat="-35.30220843" lon="139.51280716"><ele>17.000</ele></trkpt>
    <trkpt lat="-35.30219886" lon="139.51284478"><ele>17.000</ele></trkpt>
    <trkpt lat="-35.30218941" lon="139.51287343"><ele>17.000</ele></trkpt>
    <trkpt lat="-35.30217764" lon="139.51290256"><ele>17.000</ele></trkpt>
    <trkpt lat="-35.30216573" lon="139.51293202"><ele>17.000</ele></trkpt>
    <trkpt lat="-35.30214975" lon="139.51296908"><ele>17.000</ele></trkpt>
    <trkpt lat="-35.30213162" lon="139.51300012"><ele>17.000</ele></trkpt>
    <trkpt lat="-35.30210883" lon="139.51303647"><ele>18.000</ele></trkpt>
    <trkpt lat="-35.30208935" lon="139.51306177"><ele>18.000</ele></trkpt>
    <trkpt lat="-35.30206467" lon="139.51309362"><ele>18.000</ele></trkpt>
    <trkpt lat="-35.30203427" lon="139.51312823"><ele>18.000</ele></trkpt>
    <trkpt lat="-35.30201326" lon="139.51315275"><ele>18.000</ele></trkpt>
    <trkpt lat="-35.30198729" lon="139.51317434"><ele>18.000</ele></trkpt>
    <trkpt lat="-35.30195427" lon="139.51319714"><ele>18.000</ele></trkpt>
    <trkpt lat="-35.30184069" lon="139.51326954"><ele>18.000</ele></trkpt>
    <trkpt lat="-35.30174618" lon="139.51332590"><ele>18.000</ele></trkpt>
    <trkpt lat="-35.30169084" lon="139.51336470"><ele>18.000</ele></trkpt>
    <trkpt lat="-35.30164211" lon="139.51340051"><ele>18.000</ele></trkpt>
    <trkpt lat="-35.30160960" lon="139.51343139"><ele>18.000</ele></trkpt>
    <trkpt lat="-35.30153659" lon="139.51349982"><ele>18.000</ele></trkpt>
    <trkpt lat="-35.30148333" lon="139.51355825"><ele>18.000</ele></trkpt>
    <trkpt lat="-35.30143443" lon="139.51361495"><ele>18.000</ele></trkpt>
    <trkpt lat="-35.30139976" lon="139.51366178"><ele>18.000</ele></trkpt>
    <trkpt lat="-35.30137131" lon="139.51370592"><ele>18.000</ele></trkpt>
    <trkpt lat="-35.30135286" lon="139.51374760"><ele>18.000</ele></trkpt>
    <trkpt lat="-35.30133118" lon="139.51380522"><ele>18.000</ele></trkpt>
    <trkpt lat="-35.30131909" lon="139.51386988"><ele>18.000</ele></trkpt>
    <trkpt lat="-35.30131450" lon="139.51393775"><ele>18.000</ele></trkpt>
    <trkpt lat="-35.30131652" lon="139.51399086"><ele>18.000</ele></trkpt>
    <trkpt lat="-35.30132865" lon="139.51404347"><ele>18.000</ele></trkpt>
    <trkpt lat="-35.30134080" lon="139.51408669"><ele>18.000</ele></trkpt>
    <trkpt lat="-35.30135213" lon="139.51412741"><ele>18.000</ele></trkpt>
    <trkpt lat="-35.30136893" lon="139.51416896"><ele>18.000</ele></trkpt>
    <trkpt lat="-35.30138934" lon="139.51420964"><ele>18.000</ele></trkpt>
    <trkpt lat="-35.30140444" lon="139.51423739"><ele>18.000</ele></trkpt>
    <trkpt lat="-35.30142968" lon="139.51427514"><ele>18.000</ele></trkpt>
    <trkpt lat="-35.30145840" lon="139.51431608"><ele>19.000</ele></trkpt>
    <trkpt lat="-35.30148469" lon="139.51434730"><ele>19.000</ele></trkpt>
    <trkpt lat="-35.30151979" lon="139.51438613"><ele>19.000</ele></trkpt>
    <trkpt lat="-35.30155709" lon="139.51441914"><ele>19.000</ele></trkpt>
    <trkpt lat="-35.30158875" lon="139.51444464"><ele>19.000</ele></trkpt>
    <trkpt lat="-35.30162579" lon="139.51446890"><ele>19.000</ele></trkpt>
    <trkpt lat="-35.30165859" lon="139.51448821"><ele>19.000</ele></trkpt>
    <trkpt lat="-35.30169287" lon="139.51450313"><ele>19.000</ele></trkpt>
    <trkpt lat="-35.30174386" lon="139.51452450"><ele>19.000</ele></trkpt>
    <trkpt lat="-35.30179184" lon="139.51453641"><ele>19.000</ele></trkpt>
    <trkpt lat="-35.30183867" lon="139.51454535"><ele>20.000</ele></trkpt>
    <trkpt lat="-35.30191864" lon="139.51455182"><ele>20.000</ele></trkpt>
    <trkpt lat="-35.30238219" lon="139.51459073"><ele>20.000</ele></trkpt>
    <trkpt lat="-35.30263174" lon="139.51461146"><ele>20.000</ele></trkpt>
    <trkpt lat="-35.30271542" lon="139.51461407"><ele>21.000</ele></trkpt>
    <trkpt lat="-35.30276608" lon="139.51461264"><ele>21.000</ele></trkpt>
    <trkpt lat="-35.30281631" lon="139.51460757"><ele>21.000</ele></trkpt>
    <trkpt lat="-35.30288423" lon="139.51460284"><ele>21.000</ele></trkpt>
    <trkpt lat="-35.30292114" lon="139.51459566"><ele>21.000</ele></trkpt>
    <trkpt lat="-35.30298072" lon="139.51458738"><ele>21.000</ele></trkpt>
    <trkpt lat="-35.30304358" lon="139.51457291"><ele>21.000</ele></trkpt>
    <trkpt lat="-35.30310804" lon="139.51455607"><ele>21.000</ele></trkpt>
    <trkpt lat="-35.30318459" lon="139.51453323"><ele>21.000</ele></trkpt>
    <trkpt lat="-35.30334637" lon="139.51447115"><ele>21.000</ele></trkpt>
    <trkpt lat="-35.30355521" lon="139.51438547"><ele>20.000</ele></trkpt>
    <trkpt lat="-35.30381896" lon="139.51426645"><ele>19.000</ele></trkpt>
    <trkpt lat="-35.30423656" lon="139.51405552"><ele>19.000</ele></trkpt>
    <trkpt lat="-35.30441395" lon="139.51395680"><ele>19.000</ele></trkpt>
    <trkpt lat="-35.30451014" lon="139.51390578"><ele>18.000</ele></trkpt>
    <trkpt lat="-35.30455897" lon="139.51388056"><ele>18.000</ele></trkpt>
    <trkpt lat="-35.30459198" lon="139.51386637"><ele>18.000</ele></trkpt>
    <trkpt lat="-35.30462972" lon="139.51385253"><ele>18.000</ele></trkpt>
    <trkpt lat="-35.30467355" lon="139.51383982"><ele>17.000</ele></trkpt>
    <trkpt lat="-35.30470585" lon="139.51383185"><ele>17.000</ele></trkpt>
    <trkpt lat="-35.30475321" lon="139.51382220"><ele>17.000</ele></trkpt>
    <trkpt lat="-35.30479013" lon="139.51381591"><ele>17.000</ele></trkpt>
    <trkpt lat="-35.30482718" lon="139.51381095"><ele>17.000</ele></trkpt>
    <trkpt lat="-35.30487539" lon="139.51380580"><ele>17.000</ele></trkpt>
    <trkpt lat="-35.30490861" lon="139.51380189"><ele>17.000</ele></trkpt>
    <trkpt lat="-35.30494844" lon="139.51380145"><ele>17.000</ele></trkpt>
    <trkpt lat="-35.30499552" lon="139.51380172"><ele>17.000</ele></trkpt>
    <trkpt lat="-35.30504215" lon="139.51380517"><ele>17.000</ele></trkpt>
    <trkpt lat="-35.30509324" lon="139.51381060"><ele>17.000</ele></trkpt>
    <trkpt lat="-35.30514095" lon="139.51381696"><ele>18.000</ele></trkpt>
    <trkpt lat="-35.30519319" lon="139.51382659"><ele>18.000</ele></trkpt>
    <trkpt lat="-35.30526841" lon="139.51384696"><ele>18.000</ele></trkpt>
    <trkpt lat="-35.30531940" lon="139.51386668"><ele>18.000</ele></trkpt>
    <trkpt lat="-35.30536868" lon="139.51388700"><ele>18.000</ele></trkpt>
    <trkpt lat="-35.30541757" lon="139.51390903"><ele>18.000</ele></trkpt>
    <trkpt lat="-35.30545951" lon="139.51393289"><ele>18.000</ele></trkpt>
    <trkpt lat="-35.30551790" lon="139.51396611"><ele>18.000</ele></trkpt>
    <trkpt lat="-35.30555606" lon="139.51399257"><ele>18.000</ele></trkpt>
    <trkpt lat="-35.30560248" lon="139.51402540"><ele>18.000</ele></trkpt>
    <trkpt lat="-35.30564212" lon="139.51405688"><ele>17.000</ele></trkpt>
    <trkpt lat="-35.30567951" lon="139.51408305"><ele>17.000</ele></trkpt>
    <trkpt lat="-35.30572193" lon="139.51411475"><ele>17.000</ele></trkpt>
    <trkpt lat="-35.30575167" lon="139.51413516"><ele>17.000</ele></trkpt>
    <trkpt lat="-35.30578311" lon="139.51415979"><ele>16.000</ele></trkpt>
    <trkpt lat="-35.30582169" lon="139.51418629"><ele>16.000</ele></trkpt>
    <trkpt lat="-35.30584831" lon="139.51420736"><ele>16.000</ele></trkpt>
    <trkpt lat="-35.30589064" lon="139.51423656"><ele>16.000</ele></trkpt>
    <trkpt lat="-35.30593179" lon="139.51426763"><ele>16.000</ele></trkpt>
    <trkpt lat="-35.30598172" lon="139.51430196"><ele>16.000</ele></trkpt>
    <trkpt lat="-35.30603998" lon="139.51434561"><ele>16.000</ele></trkpt>
    <trkpt lat="-35.30621438" lon="139.51447372"><ele>15.000</ele></trkpt>
    <trkpt lat="-35.30635173" lon="139.51457390"><ele>15.000</ele></trkpt>
    <trkpt lat="-35.30652734" lon="139.51469697"><ele>15.000</ele></trkpt>
    <trkpt lat="-35.30683221" lon="139.51491538"><ele>16.000</ele></trkpt>
    <trkpt lat="-35.30703059" lon="139.51505743"><ele>16.000</ele></trkpt>
    <trkpt lat="-35.30725191" lon="139.51521747"><ele>15.000</ele></trkpt>
    <trkpt lat="-35.30738782" lon="139.51531677"><ele>15.000</ele></trkpt>
    <trkpt lat="-35.30748785" lon="139.51539028"><ele>15.000</ele></trkpt>
    <trkpt lat="-35.30752893" lon="139.51542763"><ele>14.000</ele></trkpt>
    <trkpt lat="-35.30755081" lon="139.51545059"><ele>14.000</ele></trkpt>
    <trkpt lat="-35.30757516" lon="139.51547929"><ele>14.000</ele></trkpt>
    <trkpt lat="-35.30759553" lon="139.51550940"><ele>14.000</ele></trkpt>
    <trkpt lat="-35.30762184" lon="139.51555388"><ele>14.000</ele></trkpt>
    <trkpt lat="-35.30763777" lon="139.51558800"><ele>14.000</ele></trkpt>
    <trkpt lat="-35.30764906" lon="139.51561796"><ele>14.000</ele></trkpt>
    <trkpt lat="-35.30765889" lon="139.51564556"><ele>14.000</ele></trkpt>
    <trkpt lat="-35.30766876" lon="139.51568095"><ele>14.000</ele></trkpt>
    <trkpt lat="-35.30767590" lon="139.51571150"><ele>13.000</ele></trkpt>
    <trkpt lat="-35.30767998" lon="139.51573274"><ele>13.000</ele></trkpt>
    <trkpt lat="-35.30768242" lon="139.51574803"><ele>13.000</ele></trkpt>
    <trkpt lat="-35.30768640" lon="139.51577462"><ele>13.000</ele></trkpt>
    <trkpt lat="-35.30768556" lon="139.51579717"><ele>13.000</ele></trkpt>
    <trkpt lat="-35.30768527" lon="139.51581976"><ele>13.000</ele></trkpt>
    <trkpt lat="-35.30768525" lon="139.51583898"><ele>13.000</ele></trkpt>
    <trkpt lat="-35.30768111" lon="139.51586854"><ele>13.000</ele></trkpt>
    <trkpt lat="-35.30767612" lon="139.51589113"><ele>13.000</ele></trkpt>
    <trkpt lat="-35.30766762" lon="139.51591864"><ele>13.000</ele></trkpt>
    <trkpt lat="-35.30765997" lon="139.51593900"><ele>13.000</ele></trkpt>
    <trkpt lat="-35.30765338" lon="139.51595395"><ele>13.000</ele></trkpt>
    <trkpt lat="-35.30764304" lon="139.51597336"><ele>13.000</ele></trkpt>
    <trkpt lat="-35.30762991" lon="139.51599092"><ele>13.000</ele></trkpt>
    <trkpt lat="-35.30761237" lon="139.51601131"><ele>13.000</ele></trkpt>
    <trkpt lat="-35.30759412" lon="139.51603233"><ele>13.000</ele></trkpt>
    <trkpt lat="-35.30756807" lon="139.51605350"><ele>14.000</ele></trkpt>
    <trkpt lat="-35.30755317" lon="139.51606508"><ele>14.000</ele></trkpt>
    <trkpt lat="-35.30753403" lon="139.51607347"><ele>14.000</ele></trkpt>
    <trkpt lat="-35.30750724" lon="139.51607986"><ele>14.000</ele></trkpt>
    <trkpt lat="-35.30746863" lon="139.51608695"><ele>14.000</ele></trkpt>
    <trkpt lat="-35.30743753" lon="139.51609362"><ele>14.000</ele></trkpt>
    <trkpt lat="-35.30737475" lon="139.51609454"><ele>14.000</ele></trkpt>
    <trkpt lat="-35.30733496" lon="139.51609245"><ele>14.000</ele></trkpt>
    <trkpt lat="-35.30726793" lon="139.51608514"><ele>14.000</ele></trkpt>
    <trkpt lat="-35.30718437" lon="139.51606570"><ele>14.000</ele></trkpt>
    <trkpt lat="-35.30699023" lon="139.51601251"><ele>14.000</ele></trkpt>
    <trkpt lat="-35.30677118" lon="139.51595016"><ele>14.000</ele></trkpt>
    <trkpt lat="-35.30661928" lon="139.51590813"><ele>14.000</ele></trkpt>
    <trkpt lat="-35.30657847" lon="139.51589937"><ele>14.000</ele></trkpt>
    <trkpt lat="-35.30651393" lon="139.51588844"><ele>14.000</ele></trkpt>
    <trkpt lat="-35.30644473" lon="139.51587668"><ele>14.000</ele></trkpt>
    <trkpt lat="-35.30639443" lon="139.51587290"><ele>14.000</ele></trkpt>
    <trkpt lat="-35.30633275" lon="139.51586846"><ele>14.000</ele></trkpt>
    <trkpt lat="-35.30626441" lon="139.51586712"><ele>14.000</ele></trkpt>
    <trkpt lat="-35.30620172" lon="139.51587022"><ele>15.000</ele></trkpt>
    <trkpt lat="-35.30613349" lon="139.51587227"><ele>15.000</ele></trkpt>
    <trkpt lat="-35.30606868" lon="139.51587870"><ele>15.000</ele></trkpt>
    <trkpt lat="-35.30595448" lon="139.51589792"><ele>15.000</ele></trkpt>
    <trkpt lat="-35.30587642" lon="139.51591359"><ele>15.000</ele></trkpt>
    <trkpt lat="-35.30583142" lon="139.51592639"><ele>15.000</ele></trkpt>
    <trkpt lat="-35.30578144" lon="139.51594196"><ele>15.000</ele></trkpt>
    <trkpt lat="-35.30574351" lon="139.51595475"><ele>15.000</ele></trkpt>
    <trkpt lat="-35.30568499" lon="139.51597703"><ele>15.000</ele></trkpt>
    <trkpt lat="-35.30565385" lon="139.51599171"><ele>15.000</ele></trkpt>
    <trkpt lat="-35.30534606" lon="139.51613051"><ele>15.000</ele></trkpt>
    <trkpt lat="-35.30504926" lon="139.51626895"><ele>14.000</ele></trkpt>
    <trkpt lat="-35.30502493" lon="139.51628293"><ele>14.000</ele></trkpt>
    <trkpt lat="-35.30499604" lon="139.51629805"><ele>14.000</ele></trkpt>
    <trkpt lat="-35.30496967" lon="139.51631443"><ele>14.000</ele></trkpt>
    <trkpt lat="-35.30494613" lon="139.51632837"><ele>14.000</ele></trkpt>
    <trkpt lat="-35.30488641" lon="139.51637025"><ele>14.000</ele></trkpt>
    <trkpt lat="-35.30484175" lon="139.51640707"><ele>15.000</ele></trkpt>
    <trkpt lat="-35.30478949" lon="139.51645130"><ele>15.000</ele></trkpt>
    <trkpt lat="-35.30474713" lon="139.51649407"><ele>16.000</ele></trkpt>
    <trkpt lat="-35.30470155" lon="139.51654266"><ele>17.000</ele></trkpt>
    <trkpt lat="-35.30465450" lon="139.51659867"><ele>17.000</ele></trkpt>
    <trkpt lat="-35.30460511" lon="139.51666458"><ele>18.000</ele></trkpt>
    <trkpt lat="-35.30457056" lon="139.51671416"><ele>18.000</ele></trkpt>
    <trkpt lat="-35.30452436" lon="139.51678632"><ele>18.000</ele></trkpt>
    <trkpt lat="-35.30448570" lon="139.51685914"><ele>19.000</ele></trkpt>
    <trkpt lat="-35.30443535" lon="139.51696055"><ele>19.000</ele></trkpt>
    <trkpt lat="-35.30439357" lon="139.51705198"><ele>18.000</ele></trkpt>
    <trkpt lat="-35.30437080" lon="139.51710631"><ele>17.000</ele></trkpt>
    <trkpt lat="-35.30435565" lon="139.51714452"><ele>17.000</ele></trkpt>
    <trkpt lat="-35.30434378" lon="139.51717893"><ele>16.000</ele></trkpt>
    <trkpt lat="-35.30433392" lon="139.51721454"><ele>16.000</ele></trkpt>
    <trkpt lat="-35.30430906" lon="139.51729811"><ele>15.000</ele></trkpt>
    <trkpt lat="-35.30428678" lon="139.51737857"><ele>14.000</ele></trkpt>
    <trkpt lat="-35.30426826" lon="139.51747146"><ele>13.000</ele></trkpt>
    <trkpt lat="-35.30425562" lon="139.51756416"><ele>12.000</ele></trkpt>
    <trkpt lat="-35.30425143" lon="139.51763029"><ele>12.000</ele></trkpt>
    <trkpt lat="-35.30423549" lon="139.51785850"><ele>11.000</ele></trkpt>
    <trkpt lat="-35.30421768" lon="139.51815338"><ele>10.000</ele></trkpt>
    <trkpt lat="-35.30420035" lon="139.51844689"><ele>10.000</ele></trkpt>
    <trkpt lat="-35.30418171" lon="139.51871195"><ele>10.000</ele></trkpt>
    <trkpt lat="-35.30416862" lon="139.51895921"><ele>11.000</ele></trkpt>
    <trkpt lat="-35.30415446" lon="139.51918996"><ele>11.000</ele></trkpt>
    <trkpt lat="-35.30414622" lon="139.51929499"><ele>11.000</ele></trkpt>
    <trkpt lat="-35.30413388" lon="139.51936429"><ele>10.000</ele></trkpt>
    <trkpt lat="-35.30411464" lon="139.51942884"><ele>10.000</ele></trkpt>
    <trkpt lat="-35.30409595" lon="139.51948042"><ele>11.000</ele></trkpt>
    <trkpt lat="-35.30406733" lon="139.51953369"><ele>11.000</ele></trkpt>
    <trkpt lat="-35.30403109" lon="139.51958582"><ele>11.000</ele></trkpt>
    <trkpt lat="-35.30400046" lon="139.51962228"><ele>12.000</ele></trkpt>
    <trkpt lat="-35.30394802" lon="139.51966455"><ele>12.000</ele></trkpt>
    <trkpt lat="-35.30390441" lon="139.51969158"><ele>13.000</ele></trkpt>
    <trkpt lat="-35.30385165" lon="139.51971368"><ele>13.000</ele></trkpt>
    <trkpt lat="-35.30378278" lon="139.51972350"><ele>12.000</ele></trkpt>
    <trkpt lat="-35.30373624" lon="139.51972688"><ele>12.000</ele></trkpt>
    <trkpt lat="-35.30369575" lon="139.51972320"><ele>12.000</ele></trkpt>
    <trkpt lat="-35.30365252" lon="139.51971697"><ele>11.000</ele></trkpt>
    <trkpt lat="-35.30361033" lon="139.51970931"><ele>11.000</ele></trkpt>
    <trkpt lat="-35.30356502" lon="139.51969799"><ele>11.000</ele></trkpt>
    <trkpt lat="-35.30350782" lon="139.51967739"><ele>10.000</ele></trkpt>
    <trkpt lat="-35.30345059" lon="139.51965309"><ele>10.000</ele></trkpt>
    <trkpt lat="-35.30337934" lon="139.51961397"><ele>10.000</ele></trkpt>
    <trkpt lat="-35.30333465" lon="139.51958380"><ele>10.000</ele></trkpt>
    <trkpt lat="-35.30327911" lon="139.51953856"><ele>10.000</ele></trkpt>
    <trkpt lat="-35.30324010" lon="139.51949550"><ele>11.000</ele></trkpt>
    <trkpt lat="-35.30318712" lon="139.51942366"><ele>11.000</ele></trkpt>
    <trkpt lat="-35.30314710" lon="139.51934990"><ele>11.000</ele></trkpt>
    <trkpt lat="-35.30309811" lon="139.51924811"><ele>12.000</ele></trkpt>
    <trkpt lat="-35.30306083" lon="139.51915801"><ele>12.000</ele></trkpt>
    <trkpt lat="-35.30301577" lon="139.51904023"><ele>12.000</ele></trkpt>
    <trkpt lat="-35.30298176" lon="139.51893147"><ele>12.000</ele></trkpt>
    <trkpt lat="-35.30294929" lon="139.51877990"><ele>13.000</ele></trkpt>
    <trkpt lat="-35.30293565" lon="139.51866655"><ele>13.000</ele></trkpt>
    <trkpt lat="-35.30292600" lon="139.51853277"><ele>14.000</ele></trkpt>
    <trkpt lat="-35.30292676" lon="139.51838344"><ele>14.000</ele></trkpt>
    <trkpt lat="-35.30292106" lon="139.51824560"><ele>14.000</ele></trkpt>
    <trkpt lat="-35.30290739" lon="139.51816821"><ele>14.000</ele></trkpt>
    <trkpt lat="-35.30289246" lon="139.51811615"><ele>14.000</ele></trkpt>
    <trkpt lat="-35.30287085" lon="139.51804884"><ele>14.000</ele></trkpt>
    <trkpt lat="-35.30284788" lon="139.51799506"><ele>14.000</ele></trkpt>
    <trkpt lat="-35.30282054" lon="139.51794352"><ele>14.000</ele></trkpt>
    <trkpt lat="-35.30279385" lon="139.51790076"><ele>13.000</ele></trkpt>
    <trkpt lat="-35.30275597" lon="139.51784743"><ele>13.000</ele></trkpt>
    <trkpt lat="-35.30270773" lon="139.51779764"><ele>14.000</ele></trkpt>
    <trkpt lat="-35.30267065" lon="139.51776198"><ele>14.000</ele></trkpt>
    <trkpt lat="-35.30259912" lon="139.51770729"><ele>14.000</ele></trkpt>
    <trkpt lat="-35.30256180" lon="139.51768216"><ele>15.000</ele></trkpt>
    <trkpt lat="-35.30252968" lon="139.51766535"><ele>15.000</ele></trkpt>
    <trkpt lat="-35.30248545" lon="139.51764501"><ele>15.000</ele></trkpt>
    <trkpt lat="-35.30243381" lon="139.51762355"><ele>15.000</ele></trkpt>
    <trkpt lat="-35.30240487" lon="139.51761295"><ele>16.000</ele></trkpt>
    <trkpt lat="-35.30236239" lon="139.51760041"><ele>16.000</ele></trkpt>
    <trkpt lat="-35.30231686" lon="139.51759028"><ele>16.000</ele></trkpt>
    <trkpt lat="-35.30226836" lon="139.51758144"><ele>17.000</ele></trkpt>
    <trkpt lat="-35.30222446" lon="139.51758030"><ele>17.000</ele></trkpt>
    <trkpt lat="-35.30218262" lon="139.51757955"><ele>17.000</ele></trkpt>
    <trkpt lat="-35.30211575" lon="139.51758250"><ele>17.000</ele></trkpt>
    <trkpt lat="-35.30199711" lon="139.51759248"><ele>16.000</ele></trkpt>
    <trkpt lat="-35.30191021" lon="139.51760604"><ele>16.000</ele></trkpt>
    <trkpt lat="-35.30184870" lon="139.51761924"><ele>16.000</ele></trkpt>
    <trkpt lat="-35.30178584" lon="139.51763609"><ele>15.000</ele></trkpt>
    <trkpt lat="-35.30173952" lon="139.51764863"><ele>15.000</ele></trkpt>
    <trkpt lat="-35.30169871" lon="139.51766519"><ele>15.000</ele></trkpt>
    <trkpt lat="-35.30166226" lon="139.51768085"><ele>15.000</ele></trkpt>
    <trkpt lat="-35.30162757" lon="139.51769807"><ele>15.000</ele></trkpt>
    <trkpt lat="-35.30159423" lon="139.51771845"><ele>15.000</ele></trkpt>
    <trkpt lat="-35.30156089" lon="139.51773993"><ele>15.000</ele></trkpt>
    <trkpt lat="-35.30152959" lon="139.51776306"><ele>15.000</ele></trkpt>
    <trkpt lat="-35.30149319" lon="139.51779037"><ele>15.000</ele></trkpt>
    <trkpt lat="-35.30145788" lon="139.51782352"><ele>15.000</ele></trkpt>
    <trkpt lat="-35.30142280" lon="139.51785725"><ele>15.000</ele></trkpt>
    <trkpt lat="-35.30138810" lon="139.51789776"><ele>15.000</ele></trkpt>
    <trkpt lat="-35.30135465" lon="139.51794191"><ele>15.000</ele></trkpt>
    <trkpt lat="-35.30132134" lon="139.51799066"><ele>15.000</ele></trkpt>
    <trkpt lat="-35.30129270" lon="139.51803758"><ele>15.000</ele></trkpt>
    <trkpt lat="-35.30125936" lon="139.51809961"><ele>16.000</ele></trkpt>
    <trkpt lat="-35.30122762" lon="139.51817745"><ele>16.000</ele></trkpt>
    <trkpt lat="-35.30120360" lon="139.51824353"><ele>16.000</ele></trkpt>
    <trkpt lat="-35.30117592" lon="139.51835299"><ele>16.000</ele></trkpt>
    <trkpt lat="-35.30115976" lon="139.51843545"><ele>15.000</ele></trkpt>
    <trkpt lat="-35.30114967" lon="139.51853104"><ele>15.000</ele></trkpt>
    <trkpt lat="-35.30114582" lon="139.51862284"><ele>14.000</ele></trkpt>
    <trkpt lat="-35.30114507" lon="139.51868060"><ele>14.000</ele></trkpt>
    <trkpt lat="-35.30115887" lon="139.51897996"><ele>14.000</ele></trkpt>
    <trkpt lat="-35.30118022" lon="139.51919414"><ele>14.000</ele></trkpt>
    <trkpt lat="-35.30120955" lon="139.51946355"><ele>14.000</ele></trkpt>
    <trkpt lat="-35.30123281" lon="139.51962729"><ele>14.000</ele></trkpt>
    <trkpt lat="-35.30124374" lon="139.51968561"><ele>14.000</ele></trkpt>
    <trkpt lat="-35.30125364" lon="139.51973143"><ele>14.000</ele></trkpt>
    <trkpt lat="-35.30126386" lon="139.51977486"><ele>14.000</ele></trkpt>
    <trkpt lat="-35.30127558" lon="139.51982174"><ele>14.000</ele></trkpt>
    <trkpt lat="-35.30128556" lon="139.51985426"><ele>14.000</ele></trkpt>
    <trkpt lat="-35.30130127" lon="139.51990465"><ele>14.000</ele></trkpt>
    <trkpt lat="-35.30131523" lon="139.51994941"><ele>14.000</ele></trkpt>
    <trkpt lat="-35.30133418" lon="139.51999684"><ele>14.000</ele></trkpt>
    <trkpt lat="-35.30135314" lon="139.52004632"><ele>14.000</ele></trkpt>
    <trkpt lat="-35.30137099" lon="139.52008292"><ele>14.000</ele></trkpt>
    <trkpt lat="-35.30139489" lon="139.52013175"><ele>14.000</ele></trkpt>
    <trkpt lat="-35.30143651" lon="139.52020278"><ele>14.000</ele></trkpt>
    <trkpt lat="-35.30147427" lon="139.52026775"><ele>14.000</ele></trkpt>
    <trkpt lat="-35.30151502" lon="139.52032260"><ele>13.000</ele></trkpt>
    <trkpt lat="-35.30163524" lon="139.52047642"><ele>12.000</ele></trkpt>
    <trkpt lat="-35.30194090" lon="139.52086598"><ele>10.000</ele></trkpt>
    <trkpt lat="-35.30201040" lon="139.52095078"><ele>10.000</ele></trkpt>
    <trkpt lat="-35.30204818" lon="139.52099131"><ele>10.000</ele></trkpt>
    <trkpt lat="-35.30207032" lon="139.52101290"><ele>10.000</ele></trkpt>
    <trkpt lat="-35.30209823" lon="139.52103787"><ele>10.000</ele></trkpt>
    <trkpt lat="-35.30212992" lon="139.52105931"><ele>10.000</ele></trkpt>
    <trkpt lat="-35.30216531" lon="139.52108466"><ele>10.000</ele></trkpt>
    <trkpt lat="-35.30220399" lon="139.52110561"><ele>10.000</ele></trkpt>
    <trkpt lat="-35.30223115" lon="139.52111980"><ele>10.000</ele></trkpt>
    <trkpt lat="-35.30227164" lon="139.52113857"><ele>10.000</ele></trkpt>
    <trkpt lat="-35.30230371" lon="139.52114927"><ele>10.000</ele></trkpt>
    <trkpt lat="-35.30233240" lon="139.52116030"><ele>10.000</ele></trkpt>
    <trkpt lat="-35.30238028" lon="139.52117382"><ele>10.000</ele></trkpt>
    <trkpt lat="-35.30243275" lon="139.52118427"><ele>10.000</ele></trkpt>
    <trkpt lat="-35.30246365" lon="139.52118730"><ele>10.000</ele></trkpt>
    <trkpt lat="-35.30250070" lon="139.52119041"><ele>10.000</ele></trkpt>
    <trkpt lat="-35.30254693" lon="139.52119081"><ele>10.000</ele></trkpt>
    <trkpt lat="-35.30260629" lon="139.52118156"><ele>9.000</ele></trkpt>
    <trkpt lat="-35.30267164" lon="139.52117242"><ele>9.000</ele></trkpt>
    <trkpt lat="-35.30279903" lon="139.52116156"><ele>8.000</ele></trkpt>
    <trkpt lat="-35.30308986" lon="139.52118203"><ele>8.000</ele></trkpt>
    <trkpt lat="-35.30451383" lon="139.52139418"><ele>11.000</ele></trkpt>
    <trkpt lat="-35.30464730" lon="139.52141510"><ele>11.000</ele></trkpt>
    <trkpt lat="-35.30475766" lon="139.52143433"><ele>11.000</ele></trkpt>
    <trkpt lat="-35.30480856" lon="139.52145604"><ele>11.000</ele></trkpt>
    <trkpt lat="-35.30485274" lon="139.52147905"><ele>11.000</ele></trkpt>
    <trkpt lat="-35.30490070" lon="139.52151729"><ele>12.000</ele></trkpt>
    <trkpt lat="-35.30494721" lon="139.52156050"><ele>12.000</ele></trkpt>
    <trkpt lat="-35.30499239" lon="139.52161311"><ele>12.000</ele></trkpt>
    <trkpt lat="-35.30503051" lon="139.52167452"><ele>12.000</ele></trkpt>
    <trkpt lat="-35.30505846" lon="139.52173180"><ele>12.000</ele></trkpt>
    <trkpt lat="-35.30507891" lon="139.52178475"><ele>12.000</ele></trkpt>
    <trkpt lat="-35.30517402" lon="139.52203575"><ele>12.000</ele></trkpt>
    <trkpt lat="-35.30519662" lon="139.52208276"><ele>12.000</ele></trkpt>
    <trkpt lat="-35.30527854" lon="139.52223115"><ele>12.000</ele></trkpt>
    <trkpt lat="-35.30536068" lon="139.52236213"><ele>12.000</ele></trkpt>
    <trkpt lat="-35.30538790" lon="139.52239840"><ele>12.000</ele></trkpt>
    <trkpt lat="-35.30541743" lon="139.52242709"><ele>11.000</ele></trkpt>
    <trkpt lat="-35.30545253" lon="139.52246136"><ele>11.000</ele></trkpt>
    <trkpt lat="-35.30548192" lon="139.52248410"><ele>11.000</ele></trkpt>
    <trkpt lat="-35.30550985" lon="139.52250237"><ele>11.000</ele></trkpt>
    <trkpt lat="-35.30554529" lon="139.52251963"><ele>11.000</ele></trkpt>
    <trkpt lat="-35.30556952" lon="139.52253043"><ele>11.000</ele></trkpt>
    <trkpt lat="-35.30560060" lon="139.52254161"><ele>11.000</ele></trkpt>
    <trkpt lat="-35.30563261" lon="139.52255184"><ele>11.000</ele></trkpt>
    <trkpt lat="-35.30567214" lon="139.52256124"><ele>11.000</ele></trkpt>
    <trkpt lat="-35.30571235" lon="139.52256486"><ele>11.000</ele></trkpt>
    <trkpt lat="-35.30577040" lon="139.52255953"><ele>11.000</ele></trkpt>
    <trkpt lat="-35.30581547" lon="139.52255380"><ele>11.000</ele></trkpt>
    <trkpt lat="-35.30587026" lon="139.52254431"><ele>11.000</ele></trkpt>
    <trkpt lat="-35.30591316" lon="139.52253479"><ele>11.000</ele></trkpt>
    <trkpt lat="-35.30595139" lon="139.52252250"><ele>11.000</ele></trkpt>
    <trkpt lat="-35.30602057" lon="139.52250137"><ele>11.000</ele></trkpt>
    <trkpt lat="-35.30608685" lon="139.52247566"><ele>11.000</ele></trkpt>
    <trkpt lat="-35.30615395" lon="139.52244350"><ele>11.000</ele></trkpt>
    <trkpt lat="-35.30622961" lon="139.52240304"><ele>11.000</ele></trkpt>
    <trkpt lat="-35.30630218" lon="139.52236059"><ele>11.000</ele></trkpt>
    <trkpt lat="-35.30637624" lon="139.52230956"><ele>12.000</ele></trkpt>
    <trkpt lat="-35.30644694" lon="139.52225521"><ele>12.000</ele></trkpt>
    <trkpt lat="-35.30651458" lon="139.52219317"><ele>12.000</ele></trkpt>
    <trkpt lat="-35.30664177" lon="139.52205189"><ele>12.000</ele></trkpt>
    <trkpt lat="-35.30667221" lon="139.52201806"><ele>12.000</ele></trkpt>
    <trkpt lat="-35.30669577" lon="139.52199851"><ele>12.000</ele></trkpt>
    <trkpt lat="-35.30672114" lon="139.52198419"><ele>12.000</ele></trkpt>
    <trkpt lat="-35.30675132" lon="139.52197301"><ele>12.000</ele></trkpt>
    <trkpt lat="-35.30678370" lon="139.52196744"><ele>12.000</ele></trkpt>
    <trkpt lat="-35.30681237" lon="139.52196618"><ele>12.000</ele></trkpt>
    <trkpt lat="-35.30683615" lon="139.52196556"><ele>12.000</ele></trkpt>
    <trkpt lat="-35.30686119" lon="139.52197214"><ele>12.000</ele></trkpt>
    <trkpt lat="-35.30688909" lon="139.52198245"><ele>12.000</ele></trkpt>
    <trkpt lat="-35.30695844" lon="139.52201308"><ele>12.000</ele></trkpt>
    <trkpt lat="-35.30701499" lon="139.52202635"><ele>12.000</ele></trkpt>
    <trkpt lat="-35.30706939" lon="139.52202904"><ele>12.000</ele></trkpt>
    <trkpt lat="-35.30711068" lon="139.52202198"><ele>11.000</ele></trkpt>
    <trkpt lat="-35.30715294" lon="139.52201393"><ele>11.000</ele></trkpt>
    <trkpt lat="-35.30718776" lon="139.52200051"><ele>11.000</ele></trkpt>
    <trkpt lat="-35.30722240" lon="139.52198219"><ele>11.000</ele></trkpt>
    <trkpt lat="-35.30727175" lon="139.52194830"><ele>11.000</ele></trkpt>
    <trkpt lat="-35.30731464" lon="139.52191156"><ele>11.000</ele></trkpt>
    <trkpt lat="-35.30735107" lon="139.52188100"><ele>11.000</ele></trkpt>
    <trkpt lat="-35.30736849" lon="139.52186764"><ele>10.000</ele></trkpt>
    <trkpt lat="-35.30738921" lon="139.52185541"><ele>10.000</ele></trkpt>
    <trkpt lat="-35.30742134" lon="139.52183873"><ele>10.000</ele></trkpt>
    <trkpt lat="-35.30745787" lon="139.52182210"><ele>10.000</ele></trkpt>
    <trkpt lat="-35.30749172" lon="139.52181059"><ele>10.000</ele></trkpt>
    <trkpt lat="-35.30754070" lon="139.52179918"><ele>10.000</ele></trkpt>
    <trkpt lat="-35.30758159" lon="139.52179255"><ele>10.000</ele></trkpt>
    <trkpt lat="-35.30761898" lon="139.52179283"><ele>10.000</ele></trkpt>
    <trkpt lat="-35.30768262" lon="139.52179667"><ele>9.000</ele></trkpt>
    <trkpt lat="-35.30772024" lon="139.52180333"><ele>9.000</ele></trkpt>
    <trkpt lat="-35.30777293" lon="139.52181826"><ele>9.000</ele></trkpt>
    <trkpt lat="-35.30780023" lon="139.52182871"><ele>9.000</ele></trkpt>
    <trkpt lat="-35.30782978" lon="139.52184424"><ele>9.000</ele></trkpt>
    <trkpt lat="-35.30786446" lon="139.52186178"><ele>9.000</ele></trkpt>
    <trkpt lat="-35.30790584" lon="139.52188761"><ele>9.000</ele></trkpt>
    <trkpt lat="-35.30793546" lon="139.52191252"><ele>9.000</ele></trkpt>
    <trkpt lat="-35.30798396" lon="139.52196364"><ele>9.000</ele></trkpt>
    <trkpt lat="-35.30806226" lon="139.52205215"><ele>10.000</ele></trkpt>
    <trkpt lat="-35.30810766" lon="139.52209914"><ele>10.000</ele></trkpt>
    <trkpt lat="-35.30816804" lon="139.52215192"><ele>10.000</ele></trkpt>
    <trkpt lat="-35.30823708" lon="139.52220859"><ele>11.000</ele></trkpt>
    <trkpt lat="-35.30828722" lon="139.52224182"><ele>11.000</ele></trkpt>
    <trkpt lat="-35.30838476" lon="139.52229727"><ele>11.000</ele></trkpt>
    <trkpt lat="-35.30846099" lon="139.52233335"><ele>11.000</ele></trkpt>
    <trkpt lat="-35.30857444" lon="139.52237177"><ele>11.000</ele></trkpt>
    <trkpt lat="-35.30866358" lon="139.52239468"><ele>11.000</ele></trkpt>
    <trkpt lat="-35.30873540" lon="139.52240482"><ele>11.000</ele></trkpt>
    <trkpt lat="-35.30883380" lon="139.52241057"><ele>10.000</ele></trkpt>
    <trkpt lat="-35.30892703" lon="139.52240449"><ele>10.000</ele></trkpt>
    <trkpt lat="-35.30906300" lon="139.52238059"><ele>9.000</ele></trkpt>
    <trkpt lat="-35.30916018" lon="139.52234737"><ele>9.000</ele></trkpt>
    <trkpt lat="-35.30924517" lon="139.52231270"><ele>9.000</ele></trkpt>
    <trkpt lat="-35.30933475" lon="139.52226315"><ele>8.000</ele></trkpt>
    <trkpt lat="-35.30946568" lon="139.52216856"><ele>8.000</ele></trkpt>
    <trkpt lat="-35.30951737" lon="139.52212237"><ele>8.000</ele></trkpt>
    <trkpt lat="-35.30960257" lon="139.52203123"><ele>8.000</ele></trkpt>
    <trkpt lat="-35.30964456" lon="139.52197837"><ele>8.000</ele></trkpt>
    <trkpt lat="-35.30968885" lon="139.52191629"><ele>7.000</ele></trkpt>
    <trkpt lat="-35.30972652" lon="139.52185574"><ele>7.000</ele></trkpt>
    <trkpt lat="-35.30975311" lon="139.52181066"><ele>7.000</ele></trkpt>
    <trkpt lat="-35.30978960" lon="139.52173899"><ele>7.000</ele></trkpt>
    <trkpt lat="-35.30982994" lon="139.52164745"><ele>7.000</ele></trkpt>
    <trkpt lat="-35.30985761" lon="139.52157563"><ele>7.000</ele></trkpt>
    <trkpt lat="-35.31006990" lon="139.52101905"><ele>7.000</ele></trkpt>
    <trkpt lat="-35.31009605" lon="139.52095060"><ele>7.000</ele></trkpt>
    <trkpt lat="-35.31011061" lon="139.52091981"><ele>7.000</ele></trkpt>
    <trkpt lat="-35.31012478" lon="139.52089768"><ele>7.000</ele></trkpt>
    <trkpt lat="-35.31013736" lon="139.52087965"><ele>7.000</ele></trkpt>
    <trkpt lat="-35.31015320" lon="139.52086129"><ele>7.000</ele></trkpt>
    <trkpt lat="-35.31017074" lon="139.52084401"><ele>7.000</ele></trkpt>
    <trkpt lat="-35.31018714" lon="139.52083015"><ele>7.000</ele></trkpt>
    <trkpt lat="-35.31020800" lon="139.52081400"><ele>7.000</ele></trkpt>
    <trkpt lat="-35.31023735" lon="139.52079831"><ele>7.000</ele></trkpt>
    <trkpt lat="-35.31026493" lon="139.52078899"><ele>6.000</ele></trkpt>
    <trkpt lat="-35.31029593" lon="139.52078001"><ele>6.000</ele></trkpt>
    <trkpt lat="-35.31071268" lon="139.52070479"><ele>7.000</ele></trkpt>
    <trkpt lat="-35.31128110" lon="139.52059789"><ele>9.000</ele></trkpt>
    <trkpt lat="-35.31178166" lon="139.52050381"><ele>9.000</ele></trkpt>
    <trkpt lat="-35.31232225" lon="139.52039894"><ele>11.000</ele></trkpt>
    <trkpt lat="-35.31257356" lon="139.52035244"><ele>11.000</ele></trkpt>
    <trkpt lat="-35.31273131" lon="139.52032253"><ele>10.000</ele></trkpt>
    <trkpt lat="-35.31288330" lon="139.52029423"><ele>10.000</ele></trkpt>
    <trkpt lat="-35.31299186" lon="139.52027338"><ele>9.000</ele></trkpt>
    <trkpt lat="-35.31305685" lon="139.52026148"><ele>9.000</ele></trkpt>
    <trkpt lat="-35.31309388" lon="139.52025156"><ele>9.000</ele></trkpt>
    <trkpt lat="-35.31311864" lon="139.52024362"><ele>9.000</ele></trkpt>
    <trkpt lat="-35.31314174" lon="139.52023216"><ele>9.000</ele></trkpt>
    <trkpt lat="-35.31316200" lon="139.52022179"><ele>9.000</ele></trkpt>
    <trkpt lat="-35.31318120" lon="139.52021076"><ele>9.000</ele></trkpt>
    <trkpt lat="-35.31320545" lon="139.52019142"><ele>10.000</ele></trkpt>
    <trkpt lat="-35.31322731" lon="139.52017245"><ele>10.000</ele></trkpt>
    <trkpt lat="-35.31324529" lon="139.52015356"><ele>10.000</ele></trkpt>
    <trkpt lat="-35.31327757" lon="139.52011408"><ele>10.000</ele></trkpt>
    <trkpt lat="-35.31330025" lon="139.52007755"><ele>10.000</ele></trkpt>
    <trkpt lat="-35.31332079" lon="139.52003616"><ele>10.000</ele></trkpt>
    <trkpt lat="-35.31333489" lon="139.51999987"><ele>10.000</ele></trkpt>
    <trkpt lat="-35.31334863" lon="139.51994342"><ele>10.000</ele></trkpt>
    <trkpt lat="-35.31335510" lon="139.51990127"><ele>10.000</ele></trkpt>
    <trkpt lat="-35.31335685" lon="139.51983176"><ele>10.000</ele></trkpt>
    <trkpt lat="-35.31335142" lon="139.51977591"><ele>10.000</ele></trkpt>
    <trkpt lat="-35.31334115" lon="139.51972869"><ele>10.000</ele></trkpt>
    <trkpt lat="-35.31333164" lon="139.51969898"><ele>10.000</ele></trkpt>
    <trkpt lat="-35.31331471" lon="139.51965633"><ele>10.000</ele></trkpt>
    <trkpt lat="-35.31330200" lon="139.51962614"><ele>10.000</ele></trkpt>
    <trkpt lat="-35.31328299" lon="139.51959756"><ele>10.000</ele></trkpt>
    <trkpt lat="-35.31325034" lon="139.51955560"><ele>9.000</ele></trkpt>
    <trkpt lat="-35.31322570" lon="139.51952710"><ele>9.000</ele></trkpt>
    <trkpt lat="-35.31320841" lon="139.51951112"><ele>9.000</ele></trkpt>
    <trkpt lat="-35.31318443" lon="139.51949354"><ele>10.000</ele></trkpt>
    <trkpt lat="-35.31315364" lon="139.51947305"><ele>10.000</ele></trkpt>
    <trkpt lat="-35.31312491" lon="139.51945718"><ele>10.000</ele></trkpt>
    <trkpt lat="-35.31310478" lon="139.51944875"><ele>10.000</ele></trkpt>
    <trkpt lat="-35.31308650" lon="139.51944466"><ele>10.000</ele></trkpt>
    <trkpt lat="-35.31306285" lon="139.51943833"><ele>10.000</ele></trkpt>
    <trkpt lat="-35.31304122" lon="139.51943730"><ele>10.000</ele></trkpt>
    <trkpt lat="-35.31301002" lon="139.51943650"><ele>10.000</ele></trkpt>
    <trkpt lat="-35.31298092" lon="139.51943872"><ele>10.000</ele></trkpt>
    <trkpt lat="-35.31295298" lon="139.51944075"><ele>10.000</ele></trkpt>
    <trkpt lat="-35.31292329" lon="139.51943933"><ele>10.000</ele></trkpt>
    <trkpt lat="-35.31289604" lon="139.51943598"><ele>10.000</ele></trkpt>
    <trkpt lat="-35.31286621" lon="139.51943003"><ele>10.000</ele></trkpt>
    <trkpt lat="-35.31284425" lon="139.51942475"><ele>10.000</ele></trkpt>
    <trkpt lat="-35.31281867" lon="139.51941626"><ele>10.000</ele></trkpt>
    <trkpt lat="-35.31279795" lon="139.51940801"><ele>10.000</ele></trkpt>
    <trkpt lat="-35.31277571" lon="139.51939830"><ele>10.000</ele></trkpt>
    <trkpt lat="-35.31275094" lon="139.51938546"><ele>10.000</ele></trkpt>
    <trkpt lat="-35.31272263" lon="139.51937102"><ele>10.000</ele></trkpt>
    <trkpt lat="-35.31269432" lon="139.51935129"><ele>11.000</ele></trkpt>
    <trkpt lat="-35.31264735" lon="139.51931428"><ele>11.000</ele></trkpt>
    <trkpt lat="-35.31258977" lon="139.51925547"><ele>11.000</ele></trkpt>
    <trkpt lat="-35.31256187" lon="139.51921914"><ele>11.000</ele></trkpt>
    <trkpt lat="-35.31252653" lon="139.51916813"><ele>11.000</ele></trkpt>
    <trkpt lat="-35.31249884" lon="139.51911677"><ele>11.000</ele></trkpt>
    <trkpt lat="-35.31247176" lon="139.51905605"><ele>11.000</ele></trkpt>
    <trkpt lat="-35.31245282" lon="139.51899564"><ele>11.000</ele></trkpt>
    <trkpt lat="-35.31243990" lon="139.51895027"><ele>11.000</ele></trkpt>
    <trkpt lat="-35.31239867" lon="139.51876555"><ele>10.000</ele></trkpt>
    <trkpt lat="-35.31228010" lon="139.51821189"><ele>11.000</ele></trkpt>
    <trkpt lat="-35.31210333" lon="139.51740096"><ele>10.000</ele></trkpt>
    <trkpt lat="-35.31194809" lon="139.51669191"><ele>10.000</ele></trkpt>
    <trkpt lat="-35.31192053" lon="139.51655890"><ele>10.000</ele></trkpt>
    <trkpt lat="-35.31190640" lon="139.51649117"><ele>11.000</ele></trkpt>
    <trkpt lat="-35.31189309" lon="139.51642798"><ele>11.000</ele></trkpt>
    <trkpt lat="-35.31188148" lon="139.51636969"><ele>11.000</ele></trkpt>
    <trkpt lat="-35.31186532" lon="139.51629585"><ele>11.000</ele></trkpt>
    <trkpt lat="-35.31184617" lon="139.51622623"><ele>11.000</ele></trkpt>
    <trkpt lat="-35.31182908" lon="139.51617888"><ele>11.000</ele></trkpt>
    <trkpt lat="-35.31180409" lon="139.51611801"><ele>12.000</ele></trkpt>
    <trkpt lat="-35.31177440" lon="139.51606197"><ele>12.000</ele></trkpt>
    <trkpt lat="-35.31174481" lon="139.51601810"><ele>11.000</ele></trkpt>
    <trkpt lat="-35.31171597" lon="139.51598116"><ele>11.000</ele></trkpt>
    <trkpt lat="-35.31164570" lon="139.51591004"><ele>11.000</ele></trkpt>
    <trkpt lat="-35.31159611" lon="139.51587327"><ele>11.000</ele></trkpt>
    <trkpt lat="-35.31154301" lon="139.51584421"><ele>11.000</ele></trkpt>
    <trkpt lat="-35.31149486" lon="139.51582273"><ele>11.000</ele></trkpt>
    <trkpt lat="-35.31146189" lon="139.51581001"><ele>11.000</ele></trkpt>
    <trkpt lat="-35.31141312" lon="139.51580069"><ele>11.000</ele></trkpt>
    <trkpt lat="-35.31116735" lon="139.51576802"><ele>9.000</ele></trkpt>
    <trkpt lat="-35.31102258" lon="139.51574833"><ele>9.000</ele></trkpt>
    <trkpt lat="-35.31095164" lon="139.51574799"><ele>8.000</ele></trkpt>
    <trkpt lat="-35.31089598" lon="139.51575573"><ele>8.000</ele></trkpt>
    <trkpt lat="-35.31085865" lon="139.51576728"><ele>8.000</ele></trkpt>
    <trkpt lat="-35.31083161" lon="139.51578213"><ele>8.000</ele></trkpt>
    <trkpt lat="-35.31079333" lon="139.51580371"><ele>8.000</ele></trkpt>
    <trkpt lat="-35.31073820" lon="139.51584169"><ele>8.000</ele></trkpt>
    <trkpt lat="-35.31062623" lon="139.51593144"><ele>9.000</ele></trkpt>
    <trkpt lat="-35.31036740" lon="139.51613333"><ele>10.000</ele></trkpt>
    <trkpt lat="-35.31028291" lon="139.51620025"><ele>10.000</ele></trkpt>
    <trkpt lat="-35.31024237" lon="139.51623422"><ele>10.000</ele></trkpt>
    <trkpt lat="-35.31019657" lon="139.51627725"><ele>10.000</ele></trkpt>
    <trkpt lat="-35.31016019" lon="139.51631756"><ele>9.000</ele></trkpt>
    <trkpt lat="-35.31008976" lon="139.51639276"><ele>9.000</ele></trkpt>
    <trkpt lat="-35.31004178" lon="139.51645238"><ele>9.000</ele></trkpt>
    <trkpt lat="-35.30999091" lon="139.51652514"><ele>9.000</ele></trkpt>
    <trkpt lat="-35.30997134" lon="139.51655462"><ele>8.000</ele></trkpt>
    <trkpt lat="-35.30991055" lon="139.51666024"><ele>8.000</ele></trkpt>
    <trkpt lat="-35.30986353" lon="139.51675203"><ele>8.000</ele></trkpt>
    <trkpt lat="-35.30982849" lon="139.51682996"><ele>8.000</ele></trkpt>
    <trkpt lat="-35.30979461" lon="139.51691211"><ele>8.000</ele></trkpt>
    <trkpt lat="-35.30977238" lon="139.51697078"><ele>8.000</ele></trkpt>
    <trkpt lat="-35.30975077" lon="139.51704188"><ele>8.000</ele></trkpt>
    <trkpt lat="-35.30973347" lon="139.51712040"><ele>8.000</ele></trkpt>
    <trkpt lat="-35.30971993" lon="139.51720735"><ele>8.000</ele></trkpt>
    <trkpt lat="-35.30971134" lon="139.51729442"><ele>8.000</ele></trkpt>
    <trkpt lat="-35.30970756" lon="139.51739482"><ele>7.000</ele></trkpt>
    <trkpt lat="-35.30971458" lon="139.51751530"><ele>7.000</ele></trkpt>
    <trkpt lat="-35.30972630" lon="139.51759086"><ele>7.000</ele></trkpt>
    <trkpt lat="-35.30974386" lon="139.51767113"><ele>8.000</ele></trkpt>
    <trkpt lat="-35.30976841" lon="139.51775400"><ele>8.000</ele></trkpt>
    <trkpt lat="-35.30979199" lon="139.51782353"><ele>8.000</ele></trkpt>
    <trkpt lat="-35.30982294" lon="139.51787881"><ele>8.000</ele></trkpt>
    <trkpt lat="-35.30985359" lon="139.51792741"><ele>8.000</ele></trkpt>
    <trkpt lat="-35.30989309" lon="139.51797496"><ele>8.000</ele></trkpt>
    <trkpt lat="-35.30993825" lon="139.51801422"><ele>8.000</ele></trkpt>
    <trkpt lat="-35.30997323" lon="139.51803584"><ele>8.000</ele></trkpt>
    <trkpt lat="-35.31011700" lon="139.51810211"><ele>8.000</ele></trkpt>
    <trkpt lat="-35.31053403" lon="139.51827969"><ele>8.000</ele></trkpt>
    <trkpt lat="-35.31057153" lon="139.51829914"><ele>8.000</ele></trkpt>
    <trkpt lat="-35.31059725" lon="139.51831479"><ele>8.000</ele></trkpt>
    <trkpt lat="-35.31062904" lon="139.51833485"><ele>8.000</ele></trkpt>
    <trkpt lat="-35.31065876" lon="139.51835938"><ele>8.000</ele></trkpt>
    <trkpt lat="-35.31068238" lon="139.51838239"><ele>8.000</ele></trkpt>
    <trkpt lat="-35.31070981" lon="139.51841184"><ele>8.000</ele></trkpt>
    <trkpt lat="-35.31073828" lon="139.51845044"><ele>9.000</ele></trkpt>
    <trkpt lat="-35.31076382" lon="139.51849361"><ele>9.000</ele></trkpt>
    <trkpt lat="-35.31078744" lon="139.51853919"><ele>9.000</ele></trkpt>
    <trkpt lat="-35.31080738" lon="139.51858915"><ele>9.000</ele></trkpt>
    <trkpt lat="-35.31082554" lon="139.51865187"><ele>9.000</ele></trkpt>
    <trkpt lat="-35.31083763" lon="139.51870652"><ele>9.000</ele></trkpt>
    <trkpt lat="-35.31084223" lon="139.51875914"><ele>10.000</ele></trkpt>
    <trkpt lat="-35.31084229" lon="139.51880854"><ele>10.000</ele></trkpt>
    <trkpt lat="-35.31083991" lon="139.51884745"><ele>10.000</ele></trkpt>
    <trkpt lat="-35.31083625" lon="139.51888236"><ele>10.000</ele></trkpt>
    <trkpt lat="-35.31082854" lon="139.51892583"><ele>10.000</ele></trkpt>
    <trkpt lat="-35.31081836" lon="139.51896325"><ele>10.000</ele></trkpt>
    <trkpt lat="-35.31080413" lon="139.51901213"><ele>10.000</ele></trkpt>
    <trkpt lat="-35.31078799" lon="139.51904990"><ele>10.000</ele></trkpt>
    <trkpt lat="-35.31076557" lon="139.51909595"><ele>10.000</ele></trkpt>
    <trkpt lat="-35.31074276" lon="139.51913205"><ele>10.000</ele></trkpt>
    <trkpt lat="-35.31072113" lon="139.51916442"><ele>10.000</ele></trkpt>
    <trkpt lat="-35.31068507" lon="139.51920563"><ele>9.000</ele></trkpt>
    <trkpt lat="-35.31065412" lon="139.51923310"><ele>9.000</ele></trkpt>
    <trkpt lat="-35.31061595" lon="139.51926234"><ele>9.000</ele></trkpt>
    <trkpt lat="-35.31058166" lon="139.51928376"><ele>9.000</ele></trkpt>
    <trkpt lat="-35.31055203" lon="139.51929921"><ele>9.000</ele></trkpt>
    <trkpt lat="-35.31052179" lon="139.51931355"><ele>9.000</ele></trkpt>
    <trkpt lat="-35.31049646" lon="139.51932215"><ele>9.000</ele></trkpt>
    <trkpt lat="-35.31047782" lon="139.51932835"><ele>9.000</ele></trkpt>
    <trkpt lat="-35.31044287" lon="139.51933272"><ele>9.000</ele></trkpt>
    <trkpt lat="-35.31020827" lon="139.51935615"><ele>8.000</ele></trkpt>
    <trkpt lat="-35.30983157" lon="139.51940224"><ele>7.000</ele></trkpt>
    <trkpt lat="-35.30933989" lon="139.51946083"><ele>7.000</ele></trkpt>
    <trkpt lat="-35.30928675" lon="139.51946730"><ele>8.000</ele></trkpt>
    <trkpt lat="-35.30923626" lon="139.51946239"><ele>8.000</ele></trkpt>
    <trkpt lat="-35.30918373" lon="139.51944878"><ele>8.000</ele></trkpt>
    <trkpt lat="-35.30911018" lon="139.51942176"><ele>8.000</ele></trkpt>
    <trkpt lat="-35.30905858" lon="139.51939253"><ele>8.000</ele></trkpt>
    <trkpt lat="-35.30900574" lon="139.51935170"><ele>8.000</ele></trkpt>
    <trkpt lat="-35.30896352" lon="139.51930948"><ele>8.000</ele></trkpt>
    <trkpt lat="-35.30891991" lon="139.51925548"><ele>9.000</ele></trkpt>
    <trkpt lat="-35.30888979" lon="139.51920511"><ele>9.000</ele></trkpt>
    <trkpt lat="-35.30886001" lon="139.51914187"><ele>9.000</ele></trkpt>
    <trkpt lat="-35.30883404" lon="139.51907718"><ele>9.000</ele></trkpt>
    <trkpt lat="-35.30881655" lon="139.51900840"><ele>9.000</ele></trkpt>
    <trkpt lat="-35.30880647" lon="139.51894606"><ele>9.000</ele></trkpt>
    <trkpt lat="-35.30880440" lon="139.51886977"><ele>9.000</ele></trkpt>
    <trkpt lat="-35.30880712" lon="139.51883013"><ele>9.000</ele></trkpt>
    <trkpt lat="-35.30881335" lon="139.51880856"><ele>9.000</ele></trkpt>
    <trkpt lat="-35.30892744" lon="139.51846705"><ele>10.000</ele></trkpt>
    <trkpt lat="-35.30902288" lon="139.51816869"><ele>10.000</ele></trkpt>
    <trkpt lat="-35.30914156" lon="139.51779954"><ele>8.000</ele></trkpt>
    <trkpt lat="-35.30927442" lon="139.51739345"><ele>8.000</ele></trkpt>
    <trkpt lat="-35.30939503" lon="139.51702778"><ele>9.000</ele></trkpt>
    <trkpt lat="-35.30947684" lon="139.51676743"><ele>8.000</ele></trkpt>
    <trkpt lat="-35.30954104" lon="139.51657311"><ele>8.000</ele></trkpt>
    <trkpt lat="-35.30964753" lon="139.51625053"><ele>10.000</ele></trkpt>
    <trkpt lat="-35.30974961" lon="139.51595638"><ele>12.000</ele></trkpt>
    <trkpt lat="-35.30978981" lon="139.51583885"><ele>12.000</ele></trkpt>
    <trkpt lat="-35.30980569" lon="139.51576736"><ele>12.000</ele></trkpt>
    <trkpt lat="-35.30981176" lon="139.51571324"><ele>12.000</ele></trkpt>
    <trkpt lat="-35.30981606" lon="139.51566700"><ele>12.000</ele></trkpt>
    <trkpt lat="-35.30981639" lon="139.51558887"><ele>12.000</ele></trkpt>
    <trkpt lat="-35.30981131" lon="139.51553174"><ele>12.000</ele></trkpt>
    <trkpt lat="-35.30980336" lon="139.51546714"><ele>12.000</ele></trkpt>
    <trkpt lat="-35.30978892" lon="139.51539659"><ele>12.000</ele></trkpt>
    <trkpt lat="-35.30977058" lon="139.51533779"><ele>12.000</ele></trkpt>
    <trkpt lat="-35.30976156" lon="139.51531127"><ele>13.000</ele></trkpt>
    <trkpt lat="-35.30975089" lon="139.51528168"><ele>13.000</ele></trkpt>
    <trkpt lat="-35.30974059" lon="139.51525876"><ele>13.000</ele></trkpt>
    <trkpt lat="-35.30972899" lon="139.51523369"><ele>13.000</ele></trkpt>
    <trkpt lat="-35.30969958" lon="139.51517968"><ele>13.000</ele></trkpt>
    <trkpt lat="-35.30966547" lon="139.51512953"><ele>13.000</ele></trkpt>
    <trkpt lat="-35.30963947" lon="139.51509691"><ele>13.000</ele></trkpt>
    <trkpt lat="-35.30961084" lon="139.51506451"><ele>13.000</ele></trkpt>
    <trkpt lat="-35.30958451" lon="139.51503808"><ele>13.000</ele></trkpt>
    <trkpt lat="-35.30955510" lon="139.51501176"><ele>13.000</ele></trkpt>
    <trkpt lat="-35.30952142" lon="139.51499017"><ele>13.000</ele></trkpt>
    <trkpt lat="-35.30947945" lon="139.51496433"><ele>13.000</ele></trkpt>
    <trkpt lat="-35.30922049" lon="139.51480302"><ele>13.000</ele></trkpt>
    <trkpt lat="-35.30859818" lon="139.51441151"><ele>15.000</ele></trkpt>
    <trkpt lat="-35.30826582" lon="139.51420286"><ele>17.000</ele></trkpt>
    <trkpt lat="-35.30771978" lon="139.51386619"><ele>18.000</ele></trkpt>
    <trkpt lat="-35.30758276" lon="139.51378299"><ele>18.000</ele></trkpt>
    <trkpt lat="-35.30754046" lon="139.51374751"><ele>17.000</ele></trkpt>
    <trkpt lat="-35.30751061" lon="139.51370908"><ele>17.000</ele></trkpt>
    <trkpt lat="-35.30748971" lon="139.51367491"><ele>17.000</ele></trkpt>
    <trkpt lat="-35.30746724" lon="139.51362230"><ele>17.000</ele></trkpt>
    <trkpt lat="-35.30745427" lon="139.51358563"><ele>17.000</ele></trkpt>
    <trkpt lat="-35.30744493" lon="139.51355012"><ele>17.000</ele></trkpt>
    <trkpt lat="-35.30744120" lon="139.51351853"><ele>17.000</ele></trkpt>
    <trkpt lat="-35.30743862" lon="139.51347662"><ele>17.000</ele></trkpt>
    <trkpt lat="-35.30743916" lon="139.51344596"><ele>17.000</ele></trkpt>
    <trkpt lat="-35.30744035" lon="139.51341651"><ele>17.000</ele></trkpt>
    <trkpt lat="-35.30744271" lon="139.51338650"><ele>17.000</ele></trkpt>
    <trkpt lat="-35.30745280" lon="139.51333951"><ele>17.000</ele></trkpt>
    <trkpt lat="-35.30746138" lon="139.51331131"><ele>17.000</ele></trkpt>
    <trkpt lat="-35.30747152" lon="139.51328533"><ele>17.000</ele></trkpt>
    <trkpt lat="-35.30748526" lon="139.51325845"><ele>17.000</ele></trkpt>
    <trkpt lat="-35.30750120" lon="139.51323000"><ele>17.000</ele></trkpt>
    <trkpt lat="-35.30769637" lon="139.51290855"><ele>15.000</ele></trkpt>
    <trkpt lat="-35.30781477" lon="139.51271521"><ele>14.000</ele></trkpt>
    <trkpt lat="-35.30784836" lon="139.51266824"><ele>14.000</ele></trkpt>
    <trkpt lat="-35.30789694" lon="139.51261816"><ele>15.000</ele></trkpt>
    <trkpt lat="-35.30795019" lon="139.51257443"><ele>15.000</ele></trkpt>
    <trkpt lat="-35.30802740" lon="139.51252929"><ele>15.000</ele></trkpt>
    <trkpt lat="-35.30809243" lon="139.51250633"><ele>15.000</ele></trkpt>
    <trkpt lat="-35.30812379" lon="139.51249950"><ele>15.000</ele></trkpt>
    <trkpt lat="-35.30816231" lon="139.51249430"><ele>15.000</ele></trkpt>
    <trkpt lat="-35.30819189" lon="139.51249328"><ele>15.000</ele></trkpt>
    <trkpt lat="-35.30823058" lon="139.51249354"><ele>15.000</ele></trkpt>
    <trkpt lat="-35.30827166" lon="139.51249666"><ele>15.000</ele></trkpt>
    <trkpt lat="-35.30831312" lon="139.51250487"><ele>15.000</ele></trkpt>
    <trkpt lat="-35.30836493" lon="139.51252433"><ele>15.000</ele></trkpt>
    <trkpt lat="-35.30840094" lon="139.51254280"><ele>15.000</ele></trkpt>
    <trkpt lat="-35.30844010" lon="139.51256519"><ele>15.000</ele></trkpt>
    <trkpt lat="-35.30848196" lon="139.51259756"><ele>15.000</ele></trkpt>
    <trkpt lat="-35.30851850" lon="139.51263028"><ele>16.000</ele></trkpt>
    <trkpt lat="-35.30855076" lon="139.51266557"><ele>16.000</ele></trkpt>
    <trkpt lat="-35.30857807" lon="139.51270182"><ele>16.000</ele></trkpt>
    <trkpt lat="-35.30860510" lon="139.51274247"><ele>16.000</ele></trkpt>
    <trkpt lat="-35.30863095" lon="139.51279307"><ele>16.000</ele></trkpt>
    <trkpt lat="-35.30869435" lon="139.51293136"><ele>17.000</ele></trkpt>
    <trkpt lat="-35.30873022" lon="139.51299519"><ele>17.000</ele></trkpt>
    <trkpt lat="-35.30876633" lon="139.51305476"><ele>17.000</ele></trkpt>
    <trkpt lat="-35.30884084" lon="139.51316343"><ele>18.000</ele></trkpt>
    <trkpt lat="-35.30890985" lon="139.51325245"><ele>18.000</ele></trkpt>
    <trkpt lat="-35.30898632" lon="139.51333870"><ele>18.000</ele></trkpt>
    <trkpt lat="-35.30906853" lon="139.51342049"><ele>17.000</ele></trkpt>
    <trkpt lat="-35.30915682" lon="139.51349075"><ele>16.000</ele></trkpt>
    <trkpt lat="-35.30924662" lon="139.51355299"><ele>16.000</ele></trkpt>
    <trkpt lat="-35.30934876" lon="139.51360863"><ele>15.000</ele></trkpt>
    <trkpt lat="-35.30943433" lon="139.51364731"><ele>14.000</ele></trkpt>
    <trkpt lat="-35.30950958" lon="139.51367537"><ele>14.000</ele></trkpt>
    <trkpt lat="-35.30958578" lon="139.51369572"><ele>14.000</ele></trkpt>
    <trkpt lat="-35.30967384" lon="139.51371459"><ele>13.000</ele></trkpt>
    <trkpt lat="-35.30980486" lon="139.51373166"><ele>14.000</ele></trkpt>
    <trkpt lat="-35.31001799" lon="139.51375619"><ele>14.000</ele></trkpt>
    <trkpt lat="-35.31051492" lon="139.51381492"><ele>12.000</ele></trkpt>
    <trkpt lat="-35.31109049" lon="139.51388238"><ele>10.000</ele></trkpt>
    <trkpt lat="-35.31155889" lon="139.51393616"><ele>10.000</ele></trkpt>
    <trkpt lat="-35.31189382" lon="139.51397543"><ele>10.000</ele></trkpt>
    <trkpt lat="-35.31211873" lon="139.51400486"><ele>10.000</ele></trkpt>
    <trkpt lat="-35.31235394" lon="139.51402784"><ele>10.000</ele></trkpt>
    <trkpt lat="-35.31240643" lon="139.51403526"><ele>10.000</ele></trkpt>
    <trkpt lat="-35.31244801" lon="139.51403230"><ele>10.000</ele></trkpt>
    <trkpt lat="-35.31250217" lon="139.51401621"><ele>10.000</ele></trkpt>
    <trkpt lat="-35.31253623" lon="139.51399113"><ele>10.000</ele></trkpt>
    <trkpt lat="-35.31257424" lon="139.51395520"><ele>11.000</ele></trkpt>
    <trkpt lat="-35.31259015" lon="139.51393511"><ele>10.000</ele></trkpt>
    <trkpt lat="-35.31260703" lon="139.51390887"><ele>10.000</ele></trkpt>
    <trkpt lat="-35.31262529" lon="139.51386827"><ele>10.000</ele></trkpt>
    <trkpt lat="-35.31263730" lon="139.51382274"><ele>10.000</ele></trkpt>
    <trkpt lat="-35.31264238" lon="139.51378302"><ele>11.000</ele></trkpt>
    <trkpt lat="-35.31264317" lon="139.51373587"><ele>11.000</ele></trkpt>
    <trkpt lat="-35.31263531" lon="139.51368413"><ele>10.000</ele></trkpt>
    <trkpt lat="-35.31257713" lon="139.51343271"><ele>11.000</ele></trkpt>
    <trkpt lat="-35.31249479" lon="139.51308001"><ele>12.000</ele></trkpt>
    <trkpt lat="-35.31242705" lon="139.51280915"><ele>12.000</ele></trkpt>
    <trkpt lat="-35.31231394" lon="139.51236564"><ele>11.000</ele></trkpt>
    <trkpt lat="-35.31218196" lon="139.51187306"><ele>9.000</ele></trkpt>
    <trkpt lat="-35.31211409" lon="139.51161285"><ele>10.000</ele></trkpt>
    <trkpt lat="-35.31205936" lon="139.51139067"><ele>11.000</ele></trkpt>
    <trkpt lat="-35.31202226" lon="139.51123267"><ele>12.000</ele></trkpt>
    <trkpt lat="-35.31200490" lon="139.51117257"><ele>13.000</ele></trkpt>
    <trkpt lat="-35.31198575" lon="139.51111958"><ele>13.000</ele></trkpt>
    <trkpt lat="-35.31196210" lon="139.51107086"><ele>13.000</ele></trkpt>
    <trkpt lat="-35.31192688" lon="139.51101634"><ele>13.000</ele></trkpt>
    <trkpt lat="-35.31189193" lon="139.51097196"><ele>13.000</ele></trkpt>
    <trkpt lat="-35.31185819" lon="139.51093955"><ele>13.000</ele></trkpt>
    <trkpt lat="-35.31182089" lon="139.51090522"><ele>13.000</ele></trkpt>
    <trkpt lat="-35.31176531" lon="139.51086763"><ele>12.000</ele></trkpt>
    <trkpt lat="-35.31173320" lon="139.51085067"><ele>12.000</ele></trkpt>
    <trkpt lat="-35.31169886" lon="139.51083367"><ele>11.000</ele></trkpt>
    <trkpt lat="-35.31166408" lon="139.51082120"><ele>11.000</ele></trkpt>
    <trkpt lat="-35.31163349" lon="139.51081287"><ele>11.000</ele></trkpt>
    <trkpt lat="-35.31160134" lon="139.51080724"><ele>11.000</ele></trkpt>
    <trkpt lat="-35.31153096" lon="139.51080446"><ele>11.000</ele></trkpt>
    <trkpt lat="-35.31144386" lon="139.51080798"><ele>10.000</ele></trkpt>
    <trkpt lat="-35.31109453" lon="139.51083617"><ele>10.000</ele></trkpt>
    <trkpt lat="-35.31072965" lon="139.51086499"><ele>14.000</ele></trkpt>
    <trkpt lat="-35.31026374" lon="139.51090614"><ele>13.000</ele></trkpt>
    <trkpt lat="-35.31016643" lon="139.51091633"><ele>13.000</ele></trkpt>
    <trkpt lat="-35.30991952" lon="139.51093883"><ele>12.000</ele></trkpt>
    <trkpt lat="-35.30970474" lon="139.51095597"><ele>12.000</ele></trkpt>
    <trkpt lat="-35.30952150" lon="139.51096932"><ele>12.000</ele></trkpt>
    <trkpt lat="-35.30911894" lon="139.51100168"><ele>13.000</ele></trkpt>
    <trkpt lat="-35.30862670" lon="139.51104036"><ele>15.000</ele></trkpt>
    <trkpt lat="-35.30836513" lon="139.51106443"><ele>15.000</ele></trkpt>
    <trkpt lat="-35.30831027" lon="139.51106797"><ele>15.000</ele></trkpt>
    <trkpt lat="-35.30831908" lon="139.51123053"><ele>15.000</ele></trkpt>
    <trkpt lat="-35.30801902" lon="139.51125544"><ele>15.000</ele></trkpt>
    <trkpt lat="-35.30755664" lon="139.51129608"><ele>15.000</ele></trkpt>
    <trkpt lat="-35.30675941" lon="139.51136075"><ele>14.000</ele></trkpt>
    <trkpt lat="-35.30595063" lon="139.51142931"><ele>15.000</ele></trkpt>
    <trkpt lat="-35.30522190" lon="139.51149241"><ele>17.000</ele></trkpt>
    <trkpt lat="-35.30466187" lon="139.51154060"><ele>16.000</ele></trkpt>
    <trkpt lat="-35.30412061" lon="139.51158185"><ele>16.000</ele></trkpt>
    <trkpt lat="-35.30314774" lon="139.51166104"><ele>18.000</ele></trkpt>
    <trkpt lat="-35.30254081" lon="139.51171318"><ele>17.000</ele></trkpt>
    <trkpt lat="-35.30248559" lon="139.51172011"><ele>17.000</ele></trkpt>
    <trkpt lat="-35.30245635" lon="139.51173816"><ele>17.000</ele></trkpt>
    <trkpt lat="-35.30243485" lon="139.51175730"><ele>17.000</ele></trkpt>
    <trkpt lat="-35.30241503" lon="139.51177777"><ele>17.000</ele></trkpt>
    <trkpt lat="-35.30239798" lon="139.51180221"><ele>17.000</ele></trkpt>
    <trkpt lat="-35.30238753" lon="139.51182462"><ele>17.000</ele></trkpt>
    <trkpt lat="-35.30238080" lon="139.51184503"><ele>17.000</ele></trkpt>
    <trkpt lat="-35.30237521" lon="139.51187209"><ele>17.000</ele></trkpt>
    <trkpt lat="-35.30237262" lon="139.51189609"><ele>17.000</ele></trkpt>
    <trkpt lat="-35.30236621" lon="139.51216880"><ele>17.000</ele></trkpt>
    <trkpt lat="-35.30236314" lon="139.51256701"><ele>18.000</ele></trkpt>
    <trkpt lat="-35.30235799" lon="139.51270166"><ele>17.000</ele></trkpt>
    <trkpt lat="-35.30234802" lon="139.51279661"><ele>18.000</ele></trkpt>
    <trkpt lat="-35.30233129" lon="139.51287395"><ele>18.000</ele></trkpt>
    <trkpt lat="-35.30228693" lon="139.51299954"><ele>18.000</ele></trkpt>
    <trkpt lat="-35.30223384" lon="139.51309857"><ele>18.000</ele></trkpt>
    <trkpt lat="-35.30218055" lon="139.51318007"><ele>18.000</ele></trkpt>
    <trkpt lat="-35.30211035" lon="139.51326127"><ele>18.000</ele></trkpt>
    <trkpt lat="-35.30206447" lon="139.51330470"><ele>18.000</ele></trkpt>
    <trkpt lat="-35.30200596" lon="139.51335112"><ele>18.000</ele></trkpt>
    <trkpt lat="-35.30197265" lon="139.51337093"><ele>18.000</ele></trkpt>
    <trkpt lat="-35.30194138" lon="139.51338782"><ele>18.000</ele></trkpt>
    <trkpt lat="-35.30183978" lon="139.51344652"><ele>18.000</ele></trkpt>
    <trkpt lat="-35.30175163" lon="139.51350671"><ele>18.000</ele></trkpt>
    <trkpt lat="-35.30164735" lon="139.51359989"><ele>18.000</ele></trkpt>
    <trkpt lat="-35.30155280" lon="139.51369534"><ele>18.000</ele></trkpt>
    <trkpt lat="-35.30149965" lon="139.51376956"><ele>18.000</ele></trkpt>
    <trkpt lat="-35.30148236" lon="139.51379121"><ele>18.000</ele></trkpt>
    <trkpt lat="-35.30146503" lon="139.51383260"><ele>18.000</ele></trkpt>
    <trkpt lat="-35.30145484" lon="139.51387112"><ele>18.000</ele></trkpt>
    <trkpt lat="-35.30144859" lon="139.51391516"><ele>18.000</ele></trkpt>
    <trkpt lat="-35.30145049" lon="139.51395936"><ele>18.000</ele></trkpt>
    <trkpt lat="-35.30145961" lon="139.51401001"><ele>18.000</ele></trkpt>
    <trkpt lat="-35.30147028" lon="139.51405672"><ele>18.000</ele></trkpt>
    <trkpt lat="-35.30148196" lon="139.51408943"><ele>18.000</ele></trkpt>
    <trkpt lat="-35.30149937" lon="139.51412860"><ele>18.000</ele></trkpt>
    <trkpt lat="-35.30151946" lon="139.51416822"><ele>18.000</ele></trkpt>
    <trkpt lat="-35.30158869" lon="139.51426632"><ele>18.000</ele></trkpt>
    <trkpt lat="-35.30162089" lon="139.51429706"><ele>18.000</ele></trkpt>
    <trkpt lat="-35.30167904" lon="139.51433968"><ele>19.000</ele></trkpt>
    <trkpt lat="-35.30172975" lon="139.51437125"><ele>19.000</ele></trkpt>
    <trkpt lat="-35.30177465" lon="139.51439188"><ele>19.000</ele></trkpt>
    <trkpt lat="-35.30180929" lon="139.51440576"><ele>19.000</ele></trkpt>
    <trkpt lat="-35.30185224" lon="139.51441386"><ele>19.000</ele></trkpt>
    <trkpt lat="-35.30190644" lon="139.51442075"><ele>19.000</ele></trkpt>
    <trkpt lat="-35.30194974" lon="139.51442532"><ele>19.000</ele></trkpt>
    <trkpt lat="-35.30211203" lon="139.51443774"><ele>19.000</ele></trkpt>
    <trkpt lat="-35.30253232" lon="139.51447327"><ele>19.000</ele></trkpt>
    <trkpt lat="-35.30268423" lon="139.51448722"><ele>20.000</ele></trkpt>
    <trkpt lat="-35.30281831" lon="139.51447813"><ele>20.000</ele></trkpt>
    <trkpt lat="-35.30298099" lon="139.51445503"><ele>21.000</ele></trkpt>
    <trkpt lat="-35.30308515" lon="139.51442984"><ele>21.000</ele></trkpt>
    <trkpt lat="-35.30317548" lon="139.51440129"><ele>21.000</ele></trkpt>
    <trkpt lat="-35.30328847" lon="139.51435776"><ele>21.000</ele></trkpt>
    <trkpt lat="-35.30355199" lon="139.51424756"><ele>20.000</ele></trkpt>
    <trkpt lat="-35.30389917" lon="139.51408862"><ele>19.000</ele></trkpt>
    <trkpt lat="-35.30421808" lon="139.51392061"><ele>19.000</ele></trkpt>
    <trkpt lat="-35.30437201" lon="139.51383703"><ele>19.000</ele></trkpt>
    <trkpt lat="-35.30447046" lon="139.51378674"><ele>19.000</ele></trkpt>
    <trkpt lat="-35.30455301" lon="139.51374944"><ele>18.000</ele></trkpt>
    <trkpt lat="-35.30467338" lon="139.51371019"><ele>17.000</ele></trkpt>
    <trkpt lat="-35.30474351" lon="139.51369347"><ele>17.000</ele></trkpt>
    <trkpt lat="-35.30481982" lon="139.51368154"><ele>17.000</ele></trkpt>
    <trkpt lat="-35.30487670" lon="139.51367598"><ele>17.000</ele></trkpt>
    <trkpt lat="-35.30494799" lon="139.51367282"><ele>17.000</ele></trkpt>
    <trkpt lat="-35.30503530" lon="139.51367794"><ele>17.000</ele></trkpt>
    <trkpt lat="-35.30508394" lon="139.51367994"><ele>17.000</ele></trkpt>
    <trkpt lat="-35.30515817" lon="139.51369296"><ele>18.000</ele></trkpt>
    <trkpt lat="-35.30526281" lon="139.51371753"><ele>18.000</ele></trkpt>
    <trkpt lat="-35.30533115" lon="139.51373847"><ele>18.000</ele></trkpt>
    <trkpt lat="-35.30540204" lon="139.51376545"><ele>18.000</ele></trkpt>
    <trkpt lat="-35.30544812" lon="139.51378671"><ele>18.000</ele></trkpt>
    <trkpt lat="-35.30550015" lon="139.51381269"><ele>18.000</ele></trkpt>
    <trkpt lat="-35.30555872" lon="139.51384892"><ele>18.000</ele></trkpt>
    <trkpt lat="-35.30562954" lon="139.51389633"><ele>17.000</ele></trkpt>
    <trkpt lat="-35.30570365" lon="139.51395255"><ele>17.000</ele></trkpt>
    <trkpt lat="-35.30594485" lon="139.51412246"><ele>16.000</ele></trkpt>
    <trkpt lat="-35.30652726" lon="139.51452784"><ele>14.000</ele></trkpt>
    <trkpt lat="-35.30716871" lon="139.51496954"><ele>15.000</ele></trkpt>
    <trkpt lat="-35.30754941" lon="139.51523260"><ele>15.000</ele></trkpt>
    <trkpt lat="-35.30759154" lon="139.51526951"><ele>15.000</ele></trkpt>
    <trkpt lat="-35.30764917" lon="139.51533766"><ele>15.000</ele></trkpt>
    <trkpt lat="-35.30770196" lon="139.51541955"><ele>14.000</ele></trkpt>
    <trkpt lat="-35.30773180" lon="139.51548251"><ele>14.000</ele></trkpt>
    <trkpt lat="-35.30775841" lon="139.51556381"><ele>14.000</ele></trkpt>
    <trkpt lat="-35.30777225" lon="139.51561502"><ele>14.000</ele></trkpt>
    <trkpt lat="-35.30778151" lon="139.51567261"><ele>14.000</ele></trkpt>
    <trkpt lat="-35.30778826" lon="139.51573447"><ele>13.000</ele></trkpt>
    <trkpt lat="-35.30779072" lon="139.51579176"><ele>13.000</ele></trkpt>
    <trkpt lat="-35.30778752" lon="139.51586088"><ele>13.000</ele></trkpt>
    <trkpt lat="-35.30778184" lon="139.51589774"><ele>13.000</ele></trkpt>
    <trkpt lat="-35.30776944" lon="139.51594224"><ele>13.000</ele></trkpt>
    <trkpt lat="-35.30776035" lon="139.51597293"><ele>13.000</ele></trkpt>
    <trkpt lat="-35.30774853" lon="139.51600219"><ele>13.000</ele></trkpt>
    <trkpt lat="-35.30773156" lon="139.51603828"><ele>13.000</ele></trkpt>
    <trkpt lat="-35.30771482" lon="139.51606363"><ele>13.000</ele></trkpt>
    <trkpt lat="-35.30769524" lon="139.51608881"><ele>13.000</ele></trkpt>
    <trkpt lat="-35.30767508" lon="139.51611326"><ele>13.000</ele></trkpt>
    <trkpt lat="-35.30765477" lon="139.51613612"><ele>13.000</ele></trkpt>
    <trkpt lat="-35.30763477" lon="139.51615055"><ele>14.000</ele></trkpt>
    <trkpt lat="-35.30761221" lon="139.51616474"><ele>14.000</ele></trkpt>
    <trkpt lat="-35.30758138" lon="139.51618298"><ele>14.000</ele></trkpt>
    <trkpt lat="-35.30754051" lon="139.51620109"><ele>14.000</ele></trkpt>
    <trkpt lat="-35.30750122" lon="139.51621124"><ele>14.000</ele></trkpt>
    <trkpt lat="-35.30746541" lon="139.51621161"><ele>14.000</ele></trkpt>
    <trkpt lat="-35.30743377" lon="139.51621599"><ele>14.000</ele></trkpt>
    <trkpt lat="-35.30738295" lon="139.51621959"><ele>14.000</ele></trkpt>
    <trkpt lat="-35.30730766" lon="139.51621795"><ele>14.000</ele></trkpt>
    <trkpt lat="-35.30723772" lon="139.51620815"><ele>14.000</ele></trkpt>
    <trkpt lat="-35.30714641" lon="139.51618640"><ele>14.000</ele></trkpt>
    <trkpt lat="-35.30665432" lon="139.51604747"><ele>13.000</ele></trkpt>
    <trkpt lat="-35.30656762" lon="139.51602387"><ele>13.000</ele></trkpt>
    <trkpt lat="-35.30650092" lon="139.51601191"><ele>13.000</ele></trkpt>
    <trkpt lat="-35.30642552" lon="139.51600202"><ele>13.000</ele></trkpt>
    <trkpt lat="-35.30636516" lon="139.51599752"><ele>13.000</ele></trkpt>
    <trkpt lat="-35.30630652" lon="139.51599339"><ele>14.000</ele></trkpt>
    <trkpt lat="-35.30624328" lon="139.51599324"><ele>14.000</ele></trkpt>
    <trkpt lat="-35.30616264" lon="139.51599517"><ele>14.000</ele></trkpt>
    <trkpt lat="-35.30600591" lon="139.51601600"><ele>15.000</ele></trkpt>
    <trkpt lat="-35.30589148" lon="139.51604041"><ele>15.000</ele></trkpt>
    <trkpt lat="-35.30578621" lon="139.51607267"><ele>15.000</ele></trkpt>
    <trkpt lat="-35.30570432" lon="139.51610398"><ele>15.000</ele></trkpt>
    <trkpt lat="-35.30544397" lon="139.51622503"><ele>15.000</ele></trkpt>
    <trkpt lat="-35.30514015" lon="139.51636566"><ele>14.000</ele></trkpt>
    <trkpt lat="-35.30505586" lon="139.51640845"><ele>13.000</ele></trkpt>
    <trkpt lat="-35.30496446" lon="139.51646144"><ele>13.000</ele></trkpt>
    <trkpt lat="-35.30493366" lon="139.51648403"><ele>14.000</ele></trkpt>
    <trkpt lat="-35.30489465" lon="139.51651856"><ele>14.000</ele></trkpt>
    <trkpt lat="-35.30486359" lon="139.51654305"><ele>15.000</ele></trkpt>
    <trkpt lat="-35.30483616" lon="139.51656987"><ele>15.000</ele></trkpt>
    <trkpt lat="-35.30480287" lon="139.51660394"><ele>16.000</ele></trkpt>
    <trkpt lat="-35.30476296" lon="139.51664969"><ele>16.000</ele></trkpt>
    <trkpt lat="-35.30473105" lon="139.51668775"><ele>17.000</ele></trkpt>
    <trkpt lat="-35.30470039" lon="139.51672667"><ele>17.000</ele></trkpt>
    <trkpt lat="-35.30467454" lon="139.51676494"><ele>17.000</ele></trkpt>
    <trkpt lat="-35.30464046" lon="139.51681386"><ele>18.000</ele></trkpt>
    <trkpt lat="-35.30461538" lon="139.51685397"><ele>18.000</ele></trkpt>
    <trkpt lat="-35.30457488" lon="139.51692728"><ele>18.000</ele></trkpt>
    <trkpt lat="-35.30453130" lon="139.51701060"><ele>18.000</ele></trkpt>
    <trkpt lat="-35.30449755" lon="139.51709149"><ele>17.000</ele></trkpt>
    <trkpt lat="-35.30447383" lon="139.51714889"><ele>17.000</ele></trkpt>
    <trkpt lat="-35.30444548" lon="139.51723164"><ele>16.000</ele></trkpt>
    <trkpt lat="-35.30442492" lon="139.51728636"><ele>15.000</ele></trkpt>
    <trkpt lat="-35.30440067" lon="139.51737329"><ele>14.000</ele></trkpt>
    <trkpt lat="-35.30437610" lon="139.51748042"><ele>13.000</ele></trkpt>
    <trkpt lat="-35.30436383" lon="139.51757711"><ele>12.000</ele></trkpt>
    <trkpt lat="-35.30435947" lon="139.51764422"><ele>12.000</ele></trkpt>
    <trkpt lat="-35.30431413" lon="139.51832944"><ele>11.000</ele></trkpt>
    <trkpt lat="-35.30430546" lon="139.51847385"><ele>11.000</ele></trkpt>
    <trkpt lat="-35.30430697" lon="139.51852305"><ele>11.000</ele></trkpt>
    <trkpt lat="-35.30428629" lon="139.51880101"><ele>11.000</ele></trkpt>
    <trkpt lat="-35.30428019" lon="139.51888043"><ele>11.000</ele></trkpt>
    <trkpt lat="-35.30425209" lon="139.51925857"><ele>11.000</ele></trkpt>
    <trkpt lat="-35.30424195" lon="139.51935229"><ele>10.000</ele></trkpt>
    <trkpt lat="-35.30423366" lon="139.51939435"><ele>10.000</ele></trkpt>
    <trkpt lat="-35.30422524" lon="139.51943064"><ele>10.000</ele></trkpt>
    <trkpt lat="-35.30420992" lon="139.51948019"><ele>10.000</ele></trkpt>
    <trkpt lat="-35.30419345" lon="139.51952273"><ele>10.000</ele></trkpt>
    <trkpt lat="-35.30417019" lon="139.51957315"><ele>10.000</ele></trkpt>
    <trkpt lat="-35.30415273" lon="139.51960630"><ele>11.000</ele></trkpt>
    <trkpt lat="-35.30413947" lon="139.51962842"><ele>11.000</ele></trkpt>
    <trkpt lat="-35.30412611" lon="139.51964877"><ele>11.000</ele></trkpt>
    <trkpt lat="-35.30411302" lon="139.51966676"><ele>11.000</ele></trkpt>
    <trkpt lat="-35.30409584" lon="139.51968798"><ele>11.000</ele></trkpt>
    <trkpt lat="-35.30407718" lon="139.51970928"><ele>12.000</ele></trkpt>
    <trkpt lat="-35.30403772" lon="139.51974695"><ele>12.000</ele></trkpt>
    <trkpt lat="-35.30399156" lon="139.51978489"><ele>12.000</ele></trkpt>
    <trkpt lat="-35.30389137" lon="139.51983683"><ele>13.000</ele></trkpt>
    <trkpt lat="-35.30382768" lon="139.51985624"><ele>13.000</ele></trkpt>
    <trkpt lat="-35.30379121" lon="139.51986457"><ele>13.000</ele></trkpt>
    <trkpt lat="-35.30376141" lon="139.51986768"><ele>13.000</ele></trkpt>
    <trkpt lat="-35.30373361" lon="139.51986385"><ele>13.000</ele></trkpt>
    <trkpt lat="-35.30360324" lon="139.51983468"><ele>12.000</ele></trkpt>
    <trkpt lat="-35.30349084" lon="139.51980420"><ele>11.000</ele></trkpt>
    <trkpt lat="-35.30343697" lon="139.51978569"><ele>10.000</ele></trkpt>
    <trkpt lat="-35.30338493" lon="139.51975963"><ele>10.000</ele></trkpt>
    <trkpt lat="-35.30333964" lon="139.51973582"><ele>9.000</ele></trkpt>
    <trkpt lat="-35.30329709" lon="139.51970860"><ele>9.000</ele></trkpt>
    <trkpt lat="-35.30323951" lon="139.51966565"><ele>9.000</ele></trkpt>
    <trkpt lat="-35.30319326" lon="139.51962402"><ele>10.000</ele></trkpt>
    <trkpt lat="-35.30315474" lon="139.51957997"><ele>10.000</ele></trkpt>
    <trkpt lat="-35.30312345" lon="139.51953515"><ele>10.000</ele></trkpt>
    <trkpt lat="-35.30309364" lon="139.51948338"><ele>11.000</ele></trkpt>
    <trkpt lat="-35.30306875" lon="139.51943828"><ele>11.000</ele></trkpt>
    <trkpt lat="-35.30303670" lon="139.51937573"><ele>11.000</ele></trkpt>
    <trkpt lat="-35.30298493" lon="139.51925800"><ele>12.000</ele></trkpt>
    <trkpt lat="-35.30293862" lon="139.51913829"><ele>12.000</ele></trkpt>
    <trkpt lat="-35.30289328" lon="139.51900948"><ele>13.000</ele></trkpt>
    <trkpt lat="-35.30287811" lon="139.51895559"><ele>13.000</ele></trkpt>
    <trkpt lat="-35.30285020" lon="139.51882386"><ele>13.000</ele></trkpt>
    <trkpt lat="-35.30283402" lon="139.51867428"><ele>14.000</ele></trkpt>
    <trkpt lat="-35.30282506" lon="139.51851345"><ele>14.000</ele></trkpt>
    <trkpt lat="-35.30282994" lon="139.51839097"><ele>14.000</ele></trkpt>
    <trkpt lat="-35.30282903" lon="139.51832493"><ele>15.000</ele></trkpt>
    <trkpt lat="-35.30282465" lon="139.51827079"><ele>14.000</ele></trkpt>
    <trkpt lat="-35.30281545" lon="139.51821857"><ele>14.000</ele></trkpt>
    <trkpt lat="-35.30280846" lon="139.51818733"><ele>14.000</ele></trkpt>
    <trkpt lat="-35.30279950" lon="139.51815301"><ele>14.000</ele></trkpt>
    <trkpt lat="-35.30278996" lon="139.51812576"><ele>14.000</ele></trkpt>
    <trkpt lat="-35.30277816" lon="139.51809620"><ele>14.000</ele></trkpt>
    <trkpt lat="-35.30276420" lon="139.51806476"><ele>14.000</ele></trkpt>
    <trkpt lat="-35.30274422" lon="139.51802632"><ele>14.000</ele></trkpt>
    <trkpt lat="-35.30271659" lon="139.51798367"><ele>14.000</ele></trkpt>
    <trkpt lat="-35.30268899" lon="139.51794633"><ele>14.000</ele></trkpt>
    <trkpt lat="-35.30266423" lon="139.51791367"><ele>14.000</ele></trkpt>
    <trkpt lat="-35.30263829" lon="139.51788569"><ele>14.000</ele></trkpt>
    <trkpt lat="-35.30261431" lon="139.51786418"><ele>14.000</ele></trkpt>
    <trkpt lat="-35.30257980" lon="139.51783668"><ele>15.000</ele></trkpt>
    <trkpt lat="-35.30253426" lon="139.51781006"><ele>15.000</ele></trkpt>
    <trkpt lat="-35.30246629" lon="139.51777139"><ele>15.000</ele></trkpt>
    <trkpt lat="-35.30240642" lon="139.51774629"><ele>16.000</ele></trkpt>
    <trkpt lat="-35.30235478" lon="139.51772886"><ele>16.000</ele></trkpt>
    <trkpt lat="-35.30229640" lon="139.51771601"><ele>16.000</ele></trkpt>
    <trkpt lat="-35.30223131" lon="139.51770963"><ele>17.000</ele></trkpt>
    <trkpt lat="-35.30212039" lon="139.51770848"><ele>16.000</ele></trkpt>
    <trkpt lat="-35.30204394" lon="139.51771640"><ele>16.000</ele></trkpt>
    <trkpt lat="-35.30194470" lon="139.51772780"><ele>15.000</ele></trkpt>
    <trkpt lat="-35.30185026" lon="139.51774655"><ele>15.000</ele></trkpt>
    <trkpt lat="-35.30178765" lon="139.51776511"><ele>15.000</ele></trkpt>
    <trkpt lat="-35.30172123" lon="139.51778647"><ele>14.000</ele></trkpt>
    <trkpt lat="-35.30166092" lon="139.51781552"><ele>14.000</ele></trkpt>
    <trkpt lat="-35.30162016" lon="139.51784168"><ele>14.000</ele></trkpt>
    <trkpt lat="-35.30157538" lon="139.51787593"><ele>14.000</ele></trkpt>
    <trkpt lat="-35.30152683" lon="139.51791808"><ele>14.000</ele></trkpt>
    <trkpt lat="-35.30147149" lon="139.51797800"><ele>14.000</ele></trkpt>
    <trkpt lat="-35.30140674" lon="139.51806843"><ele>15.000</ele></trkpt>
    <trkpt lat="-35.30137414" lon="139.51812275"><ele>15.000</ele></trkpt>
    <trkpt lat="-35.30134724" lon="139.51817901"><ele>16.000</ele></trkpt>
    <trkpt lat="-35.30132889" lon="139.51822411"><ele>16.000</ele></trkpt>
    <trkpt lat="-35.30130836" lon="139.51828323"><ele>16.000</ele></trkpt>
    <trkpt lat="-35.30129389" lon="139.51833482"><ele>16.000</ele></trkpt>
    <trkpt lat="-35.30127301" lon="139.51842774"><ele>16.000</ele></trkpt>
    <trkpt lat="-35.30126124" lon="139.51850966"><ele>15.000</ele></trkpt>
    <trkpt lat="-35.30125841" lon="139.51858667"><ele>15.000</ele></trkpt>
    <trkpt lat="-35.30126197" lon="139.51886090"><ele>14.000</ele></trkpt>
    <trkpt lat="-35.30129679" lon="139.51925625"><ele>15.000</ele></trkpt>
    <trkpt lat="-35.30134521" lon="139.51961897"><ele>15.000</ele></trkpt>
    <trkpt lat="-35.30135798" lon="139.51968045"><ele>15.000</ele></trkpt>
    <trkpt lat="-35.30136639" lon="139.51971768"><ele>15.000</ele></trkpt>
    <trkpt lat="-35.30137816" lon="139.51976866"><ele>15.000</ele></trkpt>
    <trkpt lat="-35.30139418" lon="139.51982325"><ele>15.000</ele></trkpt>
    <trkpt lat="-35.30141189" lon="139.51987801"><ele>14.000</ele></trkpt>
    <trkpt lat="-35.30143155" lon="139.51993256"><ele>14.000</ele></trkpt>
    <trkpt lat="-35.30145198" lon="139.51998334"><ele>14.000</ele></trkpt>
    <trkpt lat="-35.30149875" lon="139.52007926"><ele>14.000</ele></trkpt>
    <trkpt lat="-35.30153486" lon="139.52014188"><ele>14.000</ele></trkpt>
    <trkpt lat="-35.30163290" lon="139.52028158"><ele>13.000</ele></trkpt>
    <trkpt lat="-35.30184778" lon="139.52055871"><ele>11.000</ele></trkpt>
    <trkpt lat="-35.30204554" lon="139.52080706"><ele>10.000</ele></trkpt>
    <trkpt lat="-35.30209947" lon="139.52087257"><ele>10.000</ele></trkpt>
    <trkpt lat="-35.30212655" lon="139.52089951"><ele>10.000</ele></trkpt>
    <trkpt lat="-35.30215717" lon="139.52092396"><ele>9.000</ele></trkpt>
    <trkpt lat="-35.30220210" lon="139.52095871"><ele>9.000</ele></trkpt>
    <trkpt lat="-35.30225634" lon="139.52099030"><ele>10.000</ele></trkpt>
    <trkpt lat="-35.30228156" lon="139.52100303"><ele>10.000</ele></trkpt>
    <trkpt lat="-35.30230836" lon="139.52101573"><ele>10.000</ele></trkpt>
    <trkpt lat="-35.30234982" lon="139.52103007"><ele>10.000</ele></trkpt>
    <trkpt lat="-35.30237484" lon="139.52103989"><ele>10.000</ele></trkpt>
    <trkpt lat="-35.30240101" lon="139.52104523"><ele>10.000</ele></trkpt>
    <trkpt lat="-35.30242693" lon="139.52105152"><ele>10.000</ele></trkpt>
    <trkpt lat="-35.30244611" lon="139.52105580"><ele>10.000</ele></trkpt>
    <trkpt lat="-35.30247760" lon="139.52105884"><ele>10.000</ele></trkpt>
    <trkpt lat="-35.30251088" lon="139.52106122"><ele>10.000</ele></trkpt>
    <trkpt lat="-35.30254125" lon="139.52105966"><ele>10.000</ele></trkpt>
    <trkpt lat="-35.30259406" lon="139.52105413"><ele>9.000</ele></trkpt>
    <trkpt lat="-35.30273940" lon="139.52103689"><ele>8.000</ele></trkpt>
    <trkpt lat="-35.30282311" lon="139.52103469"><ele>8.000</ele></trkpt>
    <trkpt lat="-35.30288333" lon="139.52103424"><ele>8.000</ele></trkpt>
    <trkpt lat="-35.30292631" lon="139.52103727"><ele>8.000</ele></trkpt>
    <trkpt lat="-35.30301408" lon="139.52104563"><ele>8.000</ele></trkpt>
    <trkpt lat="-35.30309145" lon="139.52105639"><ele>9.000</ele></trkpt>
    <trkpt lat="-35.30337473" lon="139.52109531"><ele>11.000</ele></trkpt>
    <trkpt lat="-35.30389877" lon="139.52116794"><ele>13.000</ele></trkpt>
    <trkpt lat="-35.30421168" lon="139.52121727"><ele>13.000</ele></trkpt>
    <trkpt lat="-35.30446977" lon="139.52126102"><ele>11.000</ele></trkpt>
    <trkpt lat="-35.30472125" lon="139.52129716"><ele>11.000</ele></trkpt>
    <trkpt lat="-35.30482440" lon="139.52132981"><ele>11.000</ele></trkpt>
    <trkpt lat="-35.30487555" lon="139.52135849"><ele>12.000</ele></trkpt>
    <trkpt lat="-35.30492513" lon="139.52138801"><ele>12.000</ele></trkpt>
    <trkpt lat="-35.30495584" lon="139.52141420"><ele>12.000</ele></trkpt>
    <trkpt lat="-35.30499015" lon="139.52143886"><ele>12.000</ele></trkpt>
    <trkpt lat="-35.30501795" lon="139.52146876"><ele>12.000</ele></trkpt>
    <trkpt lat="-35.30505898" lon="139.52151750"><ele>12.000</ele></trkpt>
    <trkpt lat="-35.30509384" lon="139.52156608"><ele>12.000</ele></trkpt>
    <trkpt lat="-35.30511806" lon="139.52161273"><ele>12.000</ele></trkpt>
    <trkpt lat="-35.30516819" lon="139.52170757"><ele>13.000</ele></trkpt>
    <trkpt lat="-35.30519901" lon="139.52179808"><ele>12.000</ele></trkpt>
    <trkpt lat="-35.30525610" lon="139.52193902"><ele>12.000</ele></trkpt>
    <trkpt lat="-35.30531449" lon="139.52207156"><ele>12.000</ele></trkpt>
    <trkpt lat="-35.30537562" lon="139.52217498"><ele>12.000</ele></trkpt>
    <trkpt lat="-35.30543174" lon="139.52226461"><ele>11.000</ele></trkpt>
    <trkpt lat="-35.30547932" lon="139.52231865"><ele>11.000</ele></trkpt>
    <trkpt lat="-35.30550990" lon="139.52234776"><ele>11.000</ele></trkpt>
    <trkpt lat="-35.30555703" lon="139.52238322"><ele>11.000</ele></trkpt>
    <trkpt lat="-35.30559693" lon="139.52240441"><ele>11.000</ele></trkpt>
    <trkpt lat="-35.30565570" lon="139.52242599"><ele>11.000</ele></trkpt>
    <trkpt lat="-35.30569408" lon="139.52243224"><ele>11.000</ele></trkpt>
    <trkpt lat="-35.30571601" lon="139.52243495"><ele>11.000</ele></trkpt>
    <trkpt lat="-35.30576203" lon="139.52243543"><ele>11.000</ele></trkpt>
    <trkpt lat="-35.30584331" lon="139.52242133"><ele>11.000</ele></trkpt>
    <trkpt lat="-35.30590451" lon="139.52240611"><ele>11.000</ele></trkpt>
    <trkpt lat="-35.30603056" lon="139.52236508"><ele>11.000</ele></trkpt>
    <trkpt lat="-35.30612051" lon="139.52232239"><ele>11.000</ele></trkpt>
    <trkpt lat="-35.30619225" lon="139.52228640"><ele>11.000</ele></trkpt>
    <trkpt lat="-35.30623757" lon="139.52226063"><ele>11.000</ele></trkpt>
    <trkpt lat="-35.30632624" lon="139.52219597"><ele>12.000</ele></trkpt>
    <trkpt lat="-35.30642293" lon="139.52211531"><ele>12.000</ele></trkpt>
    <trkpt lat="-35.30650763" lon="139.52203086"><ele>12.000</ele></trkpt>
    <trkpt lat="-35.30656428" lon="139.52196947"><ele>12.000</ele></trkpt>
    <trkpt lat="-35.30658972" lon="139.52193489"><ele>12.000</ele></trkpt>
    <trkpt lat="-35.30661230" lon="139.52191535"><ele>12.000</ele></trkpt>
    <trkpt lat="-35.30663220" lon="139.52189548"><ele>12.000</ele></trkpt>
    <trkpt lat="-35.30665901" lon="139.52187932"><ele>12.000</ele></trkpt>
    <trkpt lat="-35.30669198" lon="139.52186133"><ele>12.000</ele></trkpt>
    <trkpt lat="-35.30672763" lon="139.52184929"><ele>12.000</ele></trkpt>
    <trkpt lat="-35.30675430" lon="139.52184286"><ele>12.000</ele></trkpt>
    <trkpt lat="-35.30678259" lon="139.52184076"><ele>12.000</ele></trkpt>
    <trkpt lat="-35.30680571" lon="139.52183890"><ele>12.000</ele></trkpt>
    <trkpt lat="-35.30682770" lon="139.52184065"><ele>12.000</ele></trkpt>
    <trkpt lat="-35.30684677" lon="139.52184272"><ele>12.000</ele></trkpt>
    <trkpt lat="-35.30689729" lon="139.52185621"><ele>12.000</ele></trkpt>
    <trkpt lat="-35.30694455" lon="139.52187485"><ele>12.000</ele></trkpt>
    <trkpt lat="-35.30698145" lon="139.52188830"><ele>12.000</ele></trkpt>
    <trkpt lat="-35.30698208" lon="139.52188838"><ele>12.000</ele></trkpt>
    <trkpt lat="-35.30701747" lon="139.52189740"><ele>12.000</ele></trkpt>
    <trkpt lat="-35.30704400" lon="139.52190070"><ele>12.000</ele></trkpt>
    <trkpt lat="-35.30705892" lon="139.52190182"><ele>12.000</ele></trkpt>
    <trkpt lat="-35.30707825" lon="139.52189992"><ele>12.000</ele></trkpt>
    <trkpt lat="-35.30710375" lon="139.52189675"><ele>11.000</ele></trkpt>
    <trkpt lat="-35.30712424" lon="139.52189009"><ele>11.000</ele></trkpt>
    <trkpt lat="-35.30714360" lon="139.52188273"><ele>11.000</ele></trkpt>
    <trkpt lat="-35.30716063" lon="139.52187374"><ele>11.000</ele></trkpt>
    <trkpt lat="-35.30718882" lon="139.52185953"><ele>11.000</ele></trkpt>
    <trkpt lat="-35.30721190" lon="139.52184435"><ele>11.000</ele></trkpt>
    <trkpt lat="-35.30724651" lon="139.52181603"><ele>11.000</ele></trkpt>
    <trkpt lat="-35.30730635" lon="139.52176635"><ele>11.000</ele></trkpt>
    <trkpt lat="-35.30734837" lon="139.52173866"><ele>11.000</ele></trkpt>
    <trkpt lat="-35.30739164" lon="139.52171582"><ele>10.000</ele></trkpt>
    <trkpt lat="-35.30745905" lon="139.52168838"><ele>10.000</ele></trkpt>
    <trkpt lat="-35.30749454" lon="139.52167975"><ele>10.000</ele></trkpt>
    <trkpt lat="-35.30752445" lon="139.52167009"><ele>10.000</ele></trkpt>
    <trkpt lat="-35.30755595" lon="139.52166759"><ele>10.000</ele></trkpt>
    <trkpt lat="-35.30758181" lon="139.52166374"><ele>10.000</ele></trkpt>
    <trkpt lat="-35.30760724" lon="139.52166164"><ele>10.000</ele></trkpt>
    <trkpt lat="-35.30764136" lon="139.52166384"><ele>9.000</ele></trkpt>
    <trkpt lat="-35.30768820" lon="139.52166610"><ele>9.000</ele></trkpt>
    <trkpt lat="-35.30771796" lon="139.52167186"><ele>9.000</ele></trkpt>
    <trkpt lat="-35.30777341" lon="139.52168339"><ele>9.000</ele></trkpt>
    <trkpt lat="-35.30782923" lon="139.52170619"><ele>9.000</ele></trkpt>
    <trkpt lat="-35.30787893" lon="139.52172855"><ele>9.000</ele></trkpt>
    <trkpt lat="-35.30791688" lon="139.52174898"><ele>9.000</ele></trkpt>
    <trkpt lat="-35.30796195" lon="139.52178149"><ele>9.000</ele></trkpt>
    <trkpt lat="-35.30801006" lon="139.52182349"><ele>9.000</ele></trkpt>
    <trkpt lat="-35.30805769" lon="139.52187077"><ele>9.000</ele></trkpt>
    <trkpt lat="-35.30809312" lon="139.52191388"><ele>9.000</ele></trkpt>
    <trkpt lat="-35.30815886" lon="139.52198487"><ele>9.000</ele></trkpt>
    <trkpt lat="-35.30823667" lon="139.52205725"><ele>9.000</ele></trkpt>
    <trkpt lat="-35.30829775" lon="139.52210335"><ele>10.000</ele></trkpt>
    <trkpt lat="-35.30834717" lon="139.52213536"><ele>10.000</ele></trkpt>
    <trkpt lat="-35.30839370" lon="139.52216298"><ele>10.000</ele></trkpt>
    <trkpt lat="-35.30845403" lon="139.52219345"><ele>10.000</ele></trkpt>
    <trkpt lat="-35.30854038" lon="139.52222963"><ele>10.000</ele></trkpt>
    <trkpt lat="-35.30861719" lon="139.52225268"><ele>10.000</ele></trkpt>
    <trkpt lat="-35.30868574" lon="139.52226865"><ele>10.000</ele></trkpt>
    <trkpt lat="-35.30874091" lon="139.52227671"><ele>10.000</ele></trkpt>
    <trkpt lat="-35.30878779" lon="139.52227860"><ele>10.000</ele></trkpt>
    <trkpt lat="-35.30884260" lon="139.52228067"><ele>10.000</ele></trkpt>
    <trkpt lat="-35.30889463" lon="139.52227838"><ele>10.000</ele></trkpt>
    <trkpt lat="-35.30897401" lon="139.52226888"><ele>10.000</ele></trkpt>
    <trkpt lat="-35.30904324" lon="139.52225283"><ele>9.000</ele></trkpt>
    <trkpt lat="-35.30912690" lon="139.52222549"><ele>9.000</ele></trkpt>
    <trkpt lat="-35.30919664" lon="139.52219528"><ele>9.000</ele></trkpt>
    <trkpt lat="-35.30925716" lon="139.52216655"><ele>9.000</ele></trkpt>
    <trkpt lat="-35.30930988" lon="139.52213394"><ele>9.000</ele></trkpt>
    <trkpt lat="-35.30934533" lon="139.52210826"><ele>9.000</ele></trkpt>
    <trkpt lat="-35.30938780" lon="139.52207632"><ele>9.000</ele></trkpt>
    <trkpt lat="-35.30941507" lon="139.52205417"><ele>9.000</ele></trkpt>
    <trkpt lat="-35.30944767" lon="139.52202496"><ele>9.000</ele></trkpt>
    <trkpt lat="-35.30947934" lon="139.52199428"><ele>9.000</ele></trkpt>
    <trkpt lat="-35.30951767" lon="139.52195037"><ele>8.000</ele></trkpt>
    <trkpt lat="-35.30956486" lon="139.52189327"><ele>8.000</ele></trkpt>
    <trkpt lat="-35.30959458" lon="139.52185243"><ele>8.000</ele></trkpt>
    <trkpt lat="-35.30962635" lon="139.52180502"><ele>8.000</ele></trkpt>
    <trkpt lat="-35.30965622" lon="139.52175942"><ele>8.000</ele></trkpt>
    <trkpt lat="-35.30968530" lon="139.52170660"><ele>8.000</ele></trkpt>
    <trkpt lat="-35.30971038" lon="139.52165123"><ele>8.000</ele></trkpt>
    <trkpt lat="-35.30973397" lon="139.52159535"><ele>8.000</ele></trkpt>
    <trkpt lat="-35.30974740" lon="139.52156406"><ele>8.000</ele></trkpt>
    <trkpt lat="-35.30978722" lon="139.52145384"><ele>8.000</ele></trkpt>
    <trkpt lat="-35.30991386" lon="139.52111556"><ele>8.000</ele></trkpt>
    <trkpt lat="-35.30998299" lon="139.52093375"><ele>8.000</ele></trkpt>
    <trkpt lat="-35.31000684" lon="139.52087575"><ele>8.000</ele></trkpt>
    <trkpt lat="-35.31003328" lon="139.52082895"><ele>8.000</ele></trkpt>
    <trkpt lat="-35.31005997" lon="139.52078811"><ele>8.000</ele></trkpt>
    <trkpt lat="-35.31009541" lon="139.52074714"><ele>8.000</ele></trkpt>
    <trkpt lat="-35.31013555" lon="139.52071484"><ele>7.000</ele></trkpt>
    <trkpt lat="-35.31016763" lon="139.52069330"><ele>7.000</ele></trkpt>
    <trkpt lat="-35.31019575" lon="139.52067800"><ele>7.000</ele></trkpt>
    <trkpt lat="-35.31022106" lon="139.52066782"><ele>7.000</ele></trkpt>
    <trkpt lat="-35.31023832" lon="139.52066011"><ele>7.000</ele></trkpt>
    <trkpt lat="-35.31026393" lon="139.52065444"><ele>7.000</ele></trkpt>
    <trkpt lat="-35.31045202" lon="139.52062114"><ele>7.000</ele></trkpt>
    <trkpt lat="-35.31086893" lon="139.52054278"><ele>8.000</ele></trkpt>
    <trkpt lat="-35.31142490" lon="139.52043845"><ele>9.000</ele></trkpt>
    <trkpt lat="-35.31207403" lon="139.52031596"><ele>10.000</ele></trkpt>
    <trkpt lat="-35.31272774" lon="139.52019545"><ele>10.000</ele></trkpt>
    <trkpt lat="-35.31303420" lon="139.52013437"><ele>9.000</ele></trkpt>
    <trkpt lat="-35.31307552" lon="139.52012768"><ele>9.000</ele></trkpt>
    <trkpt lat="-35.31311280" lon="139.52011287"><ele>9.000</ele></trkpt>
    <trkpt lat="-35.31314174" lon="139.52008979"><ele>9.000</ele></trkpt>
    <trkpt lat="-35.31316733" lon="139.52006952"><ele>9.000</ele></trkpt>
    <trkpt lat="-35.31318772" lon="139.52004494"><ele>9.000</ele></trkpt>
    <trkpt lat="-35.31321700" lon="139.51999570"><ele>10.000</ele></trkpt>
    <trkpt lat="-35.31323679" lon="139.51994419"><ele>10.000</ele></trkpt>
    <trkpt lat="-35.31324715" lon="139.51990172"><ele>10.000</ele></trkpt>
    <trkpt lat="-35.31324987" lon="139.51987226"><ele>10.000</ele></trkpt>
    <trkpt lat="-35.31325049" lon="139.51984856"><ele>10.000</ele></trkpt>
    <trkpt lat="-35.31324833" lon="139.51982585"><ele>10.000</ele></trkpt>
    <trkpt lat="-35.31324544" lon="139.51979660"><ele>10.000</ele></trkpt>
    <trkpt lat="-35.31323926" lon="139.51976031"><ele>10.000</ele></trkpt>
    <trkpt lat="-35.31322714" lon="139.51972496"><ele>10.000</ele></trkpt>
    <trkpt lat="-35.31320759" lon="139.51968800"><ele>10.000</ele></trkpt>
    <trkpt lat="-35.31319021" lon="139.51965836"><ele>9.000</ele></trkpt>
    <trkpt lat="-35.31316870" lon="139.51963438"><ele>9.000</ele></trkpt>
    <trkpt lat="-35.31313985" lon="139.51960665"><ele>9.000</ele></trkpt>
    <trkpt lat="-35.31310849" lon="139.51958786"><ele>9.000</ele></trkpt>
    <trkpt lat="-35.31307769" lon="139.51957334"><ele>10.000</ele></trkpt>
    <trkpt lat="-35.31305504" lon="139.51956510"><ele>10.000</ele></trkpt>
    <trkpt lat="-35.31302495" lon="139.51956166"><ele>10.000</ele></trkpt>
    <trkpt lat="-35.31298561" lon="139.51956348"><ele>10.000</ele></trkpt>
    <trkpt lat="-35.31292034" lon="139.51956565"><ele>10.000</ele></trkpt>
    <trkpt lat="-35.31288425" lon="139.51956115"><ele>10.000</ele></trkpt>
    <trkpt lat="-35.31284447" lon="139.51955643"><ele>10.000</ele></trkpt>
    <trkpt lat="-35.31280314" lon="139.51954550"><ele>10.000</ele></trkpt>
    <trkpt lat="-35.31275475" lon="139.51952877"><ele>10.000</ele></trkpt>
    <trkpt lat="-35.31270077" lon="139.51950558"><ele>10.000</ele></trkpt>
    <trkpt lat="-35.31265146" lon="139.51947503"><ele>10.000</ele></trkpt>
    <trkpt lat="-35.31261815" lon="139.51945005"><ele>11.000</ele></trkpt>
    <trkpt lat="-35.31257721" lon="139.51941312"><ele>11.000</ele></trkpt>
    <trkpt lat="-35.31252833" lon="139.51936277"><ele>11.000</ele></trkpt>
    <trkpt lat="-35.31248780" lon="139.51931593"><ele>11.000</ele></trkpt>
    <trkpt lat="-35.31245766" lon="139.51927431"><ele>11.000</ele></trkpt>
    <trkpt lat="-35.31244132" lon="139.51924654"><ele>11.000</ele></trkpt>
    <trkpt lat="-35.31242267" lon="139.51921404"><ele>11.000</ele></trkpt>
    <trkpt lat="-35.31240134" lon="139.51917067"><ele>11.000</ele></trkpt>
    <trkpt lat="-35.31238179" lon="139.51912970"><ele>11.000</ele></trkpt>
    <trkpt lat="-35.31236259" lon="139.51907470"><ele>11.000</ele></trkpt>
    <trkpt lat="-35.31233578" lon="139.51897845"><ele>10.000</ele></trkpt>
    <trkpt lat="-35.31232661" lon="139.51892890"><ele>10.000</ele></trkpt>
    <trkpt lat="-35.31228209" lon="139.51872975"><ele>10.000</ele></trkpt>
    <trkpt lat="-35.31220117" lon="139.51835231"><ele>10.000</ele></trkpt>
    <trkpt lat="-35.31208432" lon="139.51781023"><ele>11.000</ele></trkpt>
    <trkpt lat="-35.31187430" lon="139.51686879"><ele>10.000</ele></trkpt>
    <trkpt lat="-35.31178232" lon="139.51640693"><ele>11.000</ele></trkpt>
    <trkpt lat="-35.31176074" lon="139.51630135"><ele>12.000</ele></trkpt>
    <trkpt lat="-35.31174619" lon="139.51625044"><ele>12.000</ele></trkpt>
    <trkpt lat="-35.31172943" lon="139.51620973"><ele>12.000</ele></trkpt>
    <trkpt lat="-35.31171321" lon="139.51617437"><ele>12.000</ele></trkpt>
    <trkpt lat="-35.31169392" lon="139.51614243"><ele>12.000</ele></trkpt>
    <trkpt lat="-35.31167187" lon="139.51610884"><ele>12.000</ele></trkpt>
    <trkpt lat="-35.31164120" lon="139.51606888"><ele>12.000</ele></trkpt>
    <trkpt lat="-35.31161721" lon="139.51604165"><ele>12.000</ele></trkpt>
    <trkpt lat="-35.31158565" lon="139.51601466"><ele>12.000</ele></trkpt>
    <trkpt lat="-35.31156143" lon="139.51599465"><ele>12.000</ele></trkpt>
    <trkpt lat="-35.31153432" lon="139.51597877"><ele>12.000</ele></trkpt>
    <trkpt lat="-35.31148830" lon="139.51595420"><ele>11.000</ele></trkpt>
    <trkpt lat="-35.31145076" lon="139.51594018"><ele>11.000</ele></trkpt>
    <trkpt lat="-35.31142240" lon="139.51593013"><ele>11.000</ele></trkpt>
    <trkpt lat="-35.31139809" lon="139.51592417"><ele>11.000</ele></trkpt>
    <trkpt lat="-35.31135802" lon="139.51591950"><ele>11.000</ele></trkpt>
    <trkpt lat="-35.31117498" lon="139.51589674"><ele>10.000</ele></trkpt>
    <trkpt lat="-35.31100653" lon="139.51587430"><ele>9.000</ele></trkpt>
    <trkpt lat="-35.31096596" lon="139.51587327"><ele>9.000</ele></trkpt>
    <trkpt lat="-35.31094656" lon="139.51587487"><ele>8.000</ele></trkpt>
    <trkpt lat="-35.31092673" lon="139.51588035"><ele>8.000</ele></trkpt>
    <trkpt lat="-35.31090520" lon="139.51588763"><ele>8.000</ele></trkpt>
    <trkpt lat="-35.31088484" lon="139.51589539"><ele>8.000</ele></trkpt>
    <trkpt lat="-35.31085804" lon="139.51590952"><ele>8.000</ele></trkpt>
    <trkpt lat="-35.31082498" lon="139.51593330"><ele>8.000</ele></trkpt>
    <trkpt lat="-35.31074028" lon="139.51599580"><ele>8.000</ele></trkpt>
    <trkpt lat="-35.31046655" lon="139.51621137"><ele>9.000</ele></trkpt>
    <trkpt lat="-35.31031373" lon="139.51633227"><ele>9.000</ele></trkpt>
    <trkpt lat="-35.31028716" lon="139.51635690"><ele>9.000</ele></trkpt>
    <trkpt lat="-35.31024022" lon="139.51640361"><ele>9.000</ele></trkpt>
    <trkpt lat="-35.31019584" lon="139.51645241"><ele>9.000</ele></trkpt>
    <trkpt lat="-35.31015184" lon="139.51650506"><ele>9.000</ele></trkpt>
    <trkpt lat="-35.31008807" lon="139.51658916"><ele>9.000</ele></trkpt>
    <trkpt lat="-35.31003670" lon="139.51666763"><ele>8.000</ele></trkpt>
    <trkpt lat="-35.30998049" lon="139.51676639"><ele>8.000</ele></trkpt>
    <trkpt lat="-35.30993343" lon="139.51686354"><ele>8.000</ele></trkpt>
    <trkpt lat="-35.30989570" lon="139.51695358"><ele>8.000</ele></trkpt>
    <trkpt lat="-35.30987214" lon="139.51702141"><ele>8.000</ele></trkpt>
    <trkpt lat="-35.30984003" lon="139.51714631"><ele>8.000</ele></trkpt>
    <trkpt lat="-35.30982569" lon="139.51723474"><ele>8.000</ele></trkpt>
    <trkpt lat="-35.30981796" lon="139.51730243"><ele>7.000</ele></trkpt>
    <trkpt lat="-35.30981619" lon="139.51734803"><ele>7.000</ele></trkpt>
    <trkpt lat="-35.30981351" lon="139.51738582"><ele>7.000</ele></trkpt>
    <trkpt lat="-35.30981536" lon="139.51741745"><ele>7.000</ele></trkpt>
    <trkpt lat="-35.30981810" lon="139.51746128"><ele>7.000</ele></trkpt>
    <trkpt lat="-35.30982496" lon="139.51752746"><ele>7.000</ele></trkpt>
    <trkpt lat="-35.30983154" lon="139.51756702"><ele>7.000</ele></trkpt>
    <trkpt lat="-35.30983739" lon="139.51759334"><ele>7.000</ele></trkpt>
    <trkpt lat="-35.30984502" lon="139.51763103"><ele>7.000</ele></trkpt>
    <trkpt lat="-35.30985422" lon="139.51766568"><ele>7.000</ele></trkpt>
    <trkpt lat="-35.30986480" lon="139.51769561"><ele>7.000</ele></trkpt>
    <trkpt lat="-35.30987633" lon="139.51772728"><ele>7.000</ele></trkpt>
    <trkpt lat="-35.30988776" lon="139.51775767"><ele>7.000</ele></trkpt>
    <trkpt lat="-35.30989808" lon="139.51777950"><ele>7.000</ele></trkpt>
    <trkpt lat="-35.30990977" lon="139.51780126"><ele>7.000</ele></trkpt>
    <trkpt lat="-35.30992395" lon="139.51782488"><ele>7.000</ele></trkpt>
    <trkpt lat="-35.30994061" lon="139.51784680"><ele>7.000</ele></trkpt>
    <trkpt lat="-35.30996604" lon="139.51787437"><ele>7.000</ele></trkpt>
    <trkpt lat="-35.30998825" lon="139.51789644"><ele>7.000</ele></trkpt>
    <trkpt lat="-35.31001455" lon="139.51791385"><ele>7.000</ele></trkpt>
    <trkpt lat="-35.31004040" lon="139.51793151"><ele>8.000</ele></trkpt>
    <trkpt lat="-35.31007923" lon="139.51794513"><ele>8.000</ele></trkpt>
    <trkpt lat="-35.31023868" lon="139.51801526"><ele>8.000</ele></trkpt>
    <trkpt lat="-35.31058828" lon="139.51816784"><ele>7.000</ele></trkpt>
    <trkpt lat="-35.31062831" lon="139.51818852"><ele>8.000</ele></trkpt>
    <trkpt lat="-35.31066814" lon="139.51821379"><ele>8.000</ele></trkpt>
    <trkpt lat="-35.31071368" lon="139.51824863"><ele>8.000</ele></trkpt>
    <trkpt lat="-35.31075321" lon="139.51829104"><ele>8.000</ele></trkpt>
    <trkpt lat="-35.31078508" lon="139.51832380"><ele>8.000</ele></trkpt>
    <trkpt lat="-35.31081311" lon="139.51836066"><ele>8.000</ele></trkpt>
    <trkpt lat="-35.31084658" lon="139.51841682"><ele>8.000</ele></trkpt>
    <trkpt lat="-35.31087557" lon="139.51846921"><ele>9.000</ele></trkpt>
    <trkpt lat="-35.31088895" lon="139.51850186"><ele>9.000</ele></trkpt>
    <trkpt lat="-35.31090257" lon="139.51854064"><ele>9.000</ele></trkpt>
    <trkpt lat="-35.31091491" lon="139.51857979"><ele>9.000</ele></trkpt>
    <trkpt lat="-35.31092760" lon="139.51862663"><ele>9.000</ele></trkpt>
    <trkpt lat="-35.31093660" lon="139.51866978"><ele>9.000</ele></trkpt>
    <trkpt lat="-35.31094067" lon="139.51871422"><ele>9.000</ele></trkpt>
    <trkpt lat="-35.31094661" lon="139.51878218"><ele>9.000</ele></trkpt>
    <trkpt lat="-35.31094437" lon="139.51885161"><ele>10.000</ele></trkpt>
    <trkpt lat="-35.31094005" lon="139.51890595"><ele>10.000</ele></trkpt>
    <trkpt lat="-35.31092994" lon="139.51895617"><ele>10.000</ele></trkpt>
    <trkpt lat="-35.31091811" lon="139.51900753"><ele>10.000</ele></trkpt>
    <trkpt lat="-35.31090137" lon="139.51906322"><ele>10.000</ele></trkpt>
    <trkpt lat="-35.31088447" lon="139.51910903"><ele>10.000</ele></trkpt>
    <trkpt lat="-35.31086850" lon="139.51913830"><ele>10.000</ele></trkpt>
    <trkpt lat="-35.31084879" lon="139.51917868"><ele>10.000</ele></trkpt>
    <trkpt lat="-35.31082509" lon="139.51921370"><ele>10.000</ele></trkpt>
    <trkpt lat="-35.31079943" lon="139.51924923"><ele>10.000</ele></trkpt>
    <trkpt lat="-35.31076098" lon="139.51929516"><ele>9.000</ele></trkpt>
    <trkpt lat="-35.31072083" lon="139.51933345"><ele>9.000</ele></trkpt>
    <trkpt lat="-35.31067378" lon="139.51936873"><ele>9.000</ele></trkpt>
    <trkpt lat="-35.31063276" lon="139.51939635"><ele>9.000</ele></trkpt>
    <trkpt lat="-35.31058101" lon="139.51942151"><ele>9.000</ele></trkpt>
    <trkpt lat="-35.31054073" lon="139.51943875"><ele>9.000</ele></trkpt>
    <trkpt lat="-35.31049976" lon="139.51944830"><ele>9.000</ele></trkpt>
    <trkpt lat="-35.31039134" lon="139.51946424"><ele>8.000</ele></trkpt>
    <trkpt lat="-35.31014070" lon="139.51949442"><ele>8.000</ele></trkpt>
    <trkpt lat="-35.30969297" lon="139.51954651"><ele>7.000</ele></trkpt>
    <trkpt lat="-35.30930375" lon="139.51959363"><ele>8.000</ele></trkpt>
    <trkpt lat="-35.30923550" lon="139.51959750"><ele>8.000</ele></trkpt>
    <trkpt lat="-35.30914131" lon="139.51957177"><ele>8.000</ele></trkpt>
    <trkpt lat="-35.30905156" lon="139.51953268"><ele>8.000</ele></trkpt>
    <trkpt lat="-35.30899709" lon="139.51949580"><ele>8.000</ele></trkpt>
    <trkpt lat="-35.30894731" lon="139.51945615"><ele>8.000</ele></trkpt>
    <trkpt lat="-35.30889754" lon="139.51940890"><ele>8.000</ele></trkpt>
    <trkpt lat="-35.30886388" lon="139.51936949"><ele>8.000</ele></trkpt>
    <trkpt lat="-35.30883868" lon="139.51933517"><ele>8.000</ele></trkpt>
    <trkpt lat="-35.30881207" lon="139.51929415"><ele>9.000</ele></trkpt>
    <trkpt lat="-35.30879330" lon="139.51925899"><ele>9.000</ele></trkpt>
    <trkpt lat="-35.30877315" lon="139.51921861"><ele>9.000</ele></trkpt>
    <trkpt lat="-35.30876231" lon="139.51919315"><ele>9.000</ele></trkpt>
    <trkpt lat="-35.30875201" lon="139.51916463"><ele>9.000</ele></trkpt>
    <trkpt lat="-35.30874217" lon="139.51913067"><ele>9.000</ele></trkpt>
    <trkpt lat="-35.30872918" lon="139.51909548"><ele>9.000</ele></trkpt>
    <trkpt lat="-35.30870571" lon="139.51900897"><ele>9.000</ele></trkpt>
    <trkpt lat="-35.30869595" lon="139.51896305"><ele>9.000</ele></trkpt>
    <trkpt lat="-35.30869903" lon="139.51891059"><ele>9.000</ele></trkpt>
    <trkpt lat="-35.30870398" lon="139.51884075"><ele>9.000</ele></trkpt>
    <trkpt lat="-35.30870794" lon="139.51876464"><ele>10.000</ele></trkpt>
    <trkpt lat="-35.30871674" lon="139.51869466"><ele>10.000</ele></trkpt>
    <trkpt lat="-35.30873249" lon="139.51860276"><ele>11.000</ele></trkpt>
    <trkpt lat="-35.30874685" lon="139.51854246"><ele>11.000</ele></trkpt>
    <trkpt lat="-35.30876825" lon="139.51845520"><ele>11.000</ele></trkpt>
    <trkpt lat="-35.30878636" lon="139.51839511"><ele>11.000</ele></trkpt>
    <trkpt lat="-35.30880445" lon="139.51833507"><ele>11.000</ele></trkpt>
    <trkpt lat="-35.30886000" lon="139.51817660"><ele>10.000</ele></trkpt>
    <trkpt lat="-35.30890188" lon="139.51807920"><ele>10.000</ele></trkpt>
    <trkpt lat="-35.30894303" lon="139.51800137"><ele>10.000</ele></trkpt>
    <trkpt lat="-35.30897507" lon="139.51794305"><ele>10.000</ele></trkpt>
    <trkpt lat="-35.30899734" lon="139.51789961"><ele>9.000</ele></trkpt>
    <trkpt lat="-35.30910849" lon="139.51754246"><ele>8.000</ele></trkpt>
    <trkpt lat="-35.30930588" lon="139.51694633"><ele>9.000</ele></trkpt>
    <trkpt lat="-35.30945580" lon="139.51647566"><ele>8.000</ele></trkpt>
    <trkpt lat="-35.30959530" lon="139.51608109"><ele>11.000</ele></trkpt>
    <trkpt lat="-35.30967344" lon="139.51584852"><ele>12.000</ele></trkpt>
    <trkpt lat="-35.30969879" lon="139.51577117"><ele>12.000</ele></trkpt>
    <trkpt lat="-35.30970957" lon="139.51570923"><ele>12.000</ele></trkpt>
    <trkpt lat="-35.30971576" lon="139.51564849"><ele>12.000</ele></trkpt>
    <trkpt lat="-35.30971454" lon="139.51560467"><ele>12.000</ele></trkpt>
    <trkpt lat="-35.30971177" lon="139.51556749"><ele>12.000</ele></trkpt>
    <trkpt lat="-35.30970863" lon="139.51553636"><ele>12.000</ele></trkpt>
    <trkpt lat="-35.30970249" lon="139.51549218"><ele>12.000</ele></trkpt>
    <trkpt lat="-35.30969697" lon="139.51546122"><ele>12.000</ele></trkpt>
    <trkpt lat="-35.30968707" lon="139.51542633"><ele>13.000</ele></trkpt>
    <trkpt lat="-35.30967344" lon="139.51538313"><ele>13.000</ele></trkpt>
    <trkpt lat="-35.30965638" lon="139.51533854"><ele>13.000</ele></trkpt>
    <trkpt lat="-35.30964002" lon="139.51529799"><ele>13.000</ele></trkpt>
    <trkpt lat="-35.30961612" lon="139.51525714"><ele>13.000</ele></trkpt>
    <trkpt lat="-35.30959421" lon="139.51522506"><ele>13.000</ele></trkpt>
    <trkpt lat="-35.30957383" lon="139.51519564"><ele>13.000</ele></trkpt>
    <trkpt lat="-35.30954732" lon="139.51516645"><ele>13.000</ele></trkpt>
    <trkpt lat="-35.30951968" lon="139.51513706"><ele>13.000</ele></trkpt>
    <trkpt lat="-35.30947615" lon="139.51509977"><ele>13.000</ele></trkpt>
    <trkpt lat="-35.30945456" lon="139.51508457"><ele>13.000</ele></trkpt>
    <trkpt lat="-35.30941951" lon="139.51506573"><ele>13.000</ele></trkpt>
    <trkpt lat="-35.30900403" lon="139.51481556"><ele>13.000</ele></trkpt>
    <trkpt lat="-35.30864255" lon="139.51458550"><ele>14.000</ele></trkpt>
    <trkpt lat="-35.30823067" lon="139.51432667"><ele>16.000</ele></trkpt>
    <trkpt lat="-35.30784968" lon="139.51408916"><ele>18.000</ele></trkpt>
    <trkpt lat="-35.30753801" lon="139.51389349"><ele>18.000</ele></trkpt>
    <trkpt lat="-35.30751029" lon="139.51387077"><ele>18.000</ele></trkpt>
    <trkpt lat="-35.30747837" lon="139.51384101"><ele>18.000</ele></trkpt>
    <trkpt lat="-35.30745165" lon="139.51381154"><ele>18.000</ele></trkpt>
    <trkpt lat="-35.30742870" lon="139.51378078"><ele>17.000</ele></trkpt>
    <trkpt lat="-35.30741026" lon="139.51374825"><ele>17.000</ele></trkpt>
    <trkpt lat="-35.30739437" lon="139.51372057"><ele>17.000</ele></trkpt>
    <trkpt lat="-35.30738107" lon="139.51369676"><ele>17.000</ele></trkpt>
    <trkpt lat="-35.30737059" lon="139.51367267"><ele>17.000</ele></trkpt>
    <trkpt lat="-35.30735471" lon="139.51361842"><ele>17.000</ele></trkpt>
    <trkpt lat="-35.30734238" lon="139.51356178"><ele>17.000</ele></trkpt>
    <trkpt lat="-35.30733495" lon="139.51351517"><ele>17.000</ele></trkpt>
    <trkpt lat="-35.30733465" lon="139.51347311"><ele>17.000</ele></trkpt>
    <trkpt lat="-35.30733648" lon="139.51341478"><ele>17.000</ele></trkpt>
    <trkpt lat="-35.30734096" lon="139.51336850"><ele>18.000</ele></trkpt>
    <trkpt lat="-35.30734866" lon="139.51333305"><ele>18.000</ele></trkpt>
    <trkpt lat="-35.30735777" lon="139.51330265"><ele>18.000</ele></trkpt>
    <trkpt lat="-35.30736926" lon="139.51326728"><ele>17.000</ele></trkpt>
    <trkpt lat="-35.30738332" lon="139.51323266"><ele>17.000</ele></trkpt>
    <trkpt lat="-35.30739884" lon="139.51320191"><ele>17.000</ele></trkpt>
    <trkpt lat="-35.30750019" lon="139.51302401"><ele>17.000</ele></trkpt>
    <trkpt lat="-35.30769854" lon="139.51269581"><ele>15.000</ele></trkpt>
    <trkpt lat="-35.30774071" lon="139.51262430"><ele>15.000</ele></trkpt>
    <trkpt lat="-35.30778222" lon="139.51257191"><ele>15.000</ele></trkpt>
    <trkpt lat="-35.30783320" lon="139.51251748"><ele>15.000</ele></trkpt>
    <trkpt lat="-35.30788672" lon="139.51247374"><ele>15.000</ele></trkpt>
    <trkpt lat="-35.30793632" lon="139.51243980"><ele>15.000</ele></trkpt>
    <trkpt lat="-35.30797537" lon="139.51241407"><ele>15.000</ele></trkpt>
    <trkpt lat="-35.30803903" lon="139.51239191"><ele>15.000</ele></trkpt>
    <trkpt lat="-35.30810484" lon="139.51237255"><ele>15.000</ele></trkpt>
    <trkpt lat="-35.30816495" lon="139.51236504"><ele>15.000</ele></trkpt>
    <trkpt lat="-35.30822281" lon="139.51236265"><ele>15.000</ele></trkpt>
    <trkpt lat="-35.30828562" lon="139.51237058"><ele>15.000</ele></trkpt>
    <trkpt lat="-35.30834555" lon="139.51238246"><ele>15.000</ele></trkpt>
    <trkpt lat="-35.30840115" lon="139.51240398"><ele>16.000</ele></trkpt>
    <trkpt lat="-35.30845784" lon="139.51243301"><ele>16.000</ele></trkpt>
    <trkpt lat="-35.30850151" lon="139.51245892"><ele>16.000</ele></trkpt>
    <trkpt lat="-35.30854050" lon="139.51249037"><ele>16.000</ele></trkpt>
    <trkpt lat="-35.30856684" lon="139.51251482"><ele>16.000</ele></trkpt>
    <trkpt lat="-35.30860077" lon="139.51254659"><ele>16.000</ele></trkpt>
    <trkpt lat="-35.30863448" lon="139.51258844"><ele>16.000</ele></trkpt>
    <trkpt lat="-35.30865977" lon="139.51261768"><ele>16.000</ele></trkpt>
    <trkpt lat="-35.30869334" lon="139.51267288"><ele>16.000</ele></trkpt>
    <trkpt lat="-35.30872630" lon="139.51273325"><ele>17.000</ele></trkpt>
    <trkpt lat="-35.30877271" lon="139.51283635"><ele>17.000</ele></trkpt>
    <trkpt lat="-35.30881054" lon="139.51291148"><ele>17.000</ele></trkpt>
    <trkpt lat="-35.30886946" lon="139.51300445"><ele>18.000</ele></trkpt>
    <trkpt lat="-35.30891710" lon="139.51307496"><ele>18.000</ele></trkpt>
    <trkpt lat="-35.30897167" lon="139.51314710"><ele>18.000</ele></trkpt>
    <trkpt lat="-35.30904803" lon="139.51323340"><ele>18.000</ele></trkpt>
    <trkpt lat="-35.30908913" lon="139.51327346"><ele>17.000</ele></trkpt>
    <trkpt lat="-35.30912314" lon="139.51330741"><ele>17.000</ele></trkpt>
    <trkpt lat="-35.30915728" lon="139.51333888"><ele>17.000</ele></trkpt>
    <trkpt lat="-35.30918927" lon="139.51336464"><ele>17.000</ele></trkpt>
    <trkpt lat="-35.30922252" lon="139.51338874"><ele>16.000</ele></trkpt>
    <trkpt lat="-35.30925081" lon="139.51340834"><ele>16.000</ele></trkpt>
    <trkpt lat="-35.30931027" lon="139.51344856"><ele>16.000</ele></trkpt>
    <trkpt lat="-35.30934283" lon="139.51346720"><ele>15.000</ele></trkpt>
    <trkpt lat="-35.30938075" lon="139.51348689"><ele>15.000</ele></trkpt>
    <trkpt lat="-35.30942714" lon="139.51350950"><ele>14.000</ele></trkpt>
    <trkpt lat="-35.30946315" lon="139.51352762"><ele>14.000</ele></trkpt>
    <trkpt lat="-35.30949601" lon="139.51354070"><ele>14.000</ele></trkpt>
    <trkpt lat="-35.30953135" lon="139.51355453"><ele>14.000</ele></trkpt>
    <trkpt lat="-35.30956736" lon="139.51356543"><ele>14.000</ele></trkpt>
    <trkpt lat="-35.30960403" lon="139.51357339"><ele>13.000</ele></trkpt>
    <trkpt lat="-35.30966157" lon="139.51358718"><ele>13.000</ele></trkpt>
    <trkpt lat="-35.30971895" lon="139.51359579"><ele>13.000</ele></trkpt>
    <trkpt lat="-35.31012208" lon="139.51363999"><ele>14.000</ele></trkpt>
    <trkpt lat="-35.31060585" lon="139.51369548"><ele>12.000</ele></trkpt>
    <trkpt lat="-35.31113722" lon="139.51375778"><ele>10.000</ele></trkpt>
    <trkpt lat="-35.31165833" lon="139.51381731"><ele>10.000</ele></trkpt>
    <trkpt lat="-35.31192367" lon="139.51384638"><ele>10.000</ele></trkpt>
    <trkpt lat="-35.31220627" lon="139.51386123"><ele>10.000</ele></trkpt>
    <trkpt lat="-35.31231642" lon="139.51387447"><ele>10.000</ele></trkpt>
    <trkpt lat="-35.31240380" lon="139.51388243"><ele>10.000</ele></trkpt>
    <trkpt lat="-35.31243454" lon="139.51387657"><ele>10.000</ele></trkpt>
    <trkpt lat="-35.31245297" lon="139.51386902"><ele>10.000</ele></trkpt>
    <trkpt lat="-35.31247162" lon="139.51385360"><ele>10.000</ele></trkpt>
    <trkpt lat="-35.31248940" lon="139.51383764"><ele>10.000</ele></trkpt>
    <trkpt lat="-35.31250025" lon="139.51382212"><ele>10.000</ele></trkpt>
    <trkpt lat="-35.31251005" lon="139.51380553"><ele>10.000</ele></trkpt>
    <trkpt lat="-35.31251866" lon="139.51378862"><ele>10.000</ele></trkpt>
    <trkpt lat="-35.31252541" lon="139.51376813"><ele>10.000</ele></trkpt>
    <trkpt lat="-35.31253161" lon="139.51374366"><ele>10.000</ele></trkpt>
    <trkpt lat="-35.31253229" lon="139.51372924"><ele>10.000</ele></trkpt>
    <trkpt lat="-35.31253135" lon="139.51370981"><ele>10.000</ele></trkpt>
    <trkpt lat="-35.31252870" lon="139.51369301"><ele>10.000</ele></trkpt>
    <trkpt lat="-35.31252377" lon="139.51366795"><ele>10.000</ele></trkpt>
    <trkpt lat="-35.31251885" lon="139.51364291"><ele>10.000</ele></trkpt>
    <trkpt lat="-35.31248814" lon="139.51351759"><ele>10.000</ele></trkpt>
    <trkpt lat="-35.31245372" lon="139.51338542"><ele>11.000</ele></trkpt>
    <trkpt lat="-35.31236162" lon="139.51300234"><ele>11.000</ele></trkpt>
    <trkpt lat="-35.31228568" lon="139.51269827"><ele>11.000</ele></trkpt>
    <trkpt lat="-35.31218723" lon="139.51231057"><ele>10.000</ele></trkpt>
    <trkpt lat="-35.31209943" lon="139.51198352"><ele>10.000</ele></trkpt>
    <trkpt lat="-35.31202108" lon="139.51168199"><ele>10.000</ele></trkpt>
    <trkpt lat="-35.31196931" lon="139.51146685"><ele>11.000</ele></trkpt>
    <trkpt lat="-35.31192440" lon="139.51127265"><ele>12.000</ele></trkpt>
    <trkpt lat="-35.31191412" lon="139.51124307"><ele>12.000</ele></trkpt>
    <trkpt lat="-35.31190498" lon="139.51121841"><ele>12.000</ele></trkpt>
    <trkpt lat="-35.31189428" lon="139.51119563"><ele>12.000</ele></trkpt>
    <trkpt lat="-35.31188404" lon="139.51117427"><ele>12.000</ele></trkpt>
    <trkpt lat="-35.31187260" lon="139.51115478"><ele>12.000</ele></trkpt>
    <trkpt lat="-35.31185324" lon="139.51112618"><ele>12.000</ele></trkpt>
    <trkpt lat="-35.31183267" lon="139.51110134"><ele>12.000</ele></trkpt>
    <trkpt lat="-35.31181368" lon="139.51107866"><ele>12.000</ele></trkpt>
    <trkpt lat="-35.31179320" lon="139.51105851"><ele>12.000</ele></trkpt>
    <trkpt lat="-35.31177555" lon="139.51104520"><ele>12.000</ele></trkpt>
    <trkpt lat="-35.31175915" lon="139.51103212"><ele>12.000</ele></trkpt>
    <trkpt lat="-35.31173579" lon="139.51101801"><ele>12.000</ele></trkpt>
    <trkpt lat="-35.31171887" lon="139.51100645"><ele>11.000</ele></trkpt>
    <trkpt lat="-35.31169668" lon="139.51099449"><ele>11.000</ele></trkpt>
    <trkpt lat="-35.31167274" lon="139.51098373"><ele>11.000</ele></trkpt>
    <trkpt lat="-35.31164677" lon="139.51097583"><ele>11.000</ele></trkpt>
    <trkpt lat="-35.31162270" lon="139.51096869"><ele>11.000</ele></trkpt>
    <trkpt lat="-35.31158905" lon="139.51096003"><ele>11.000</ele></trkpt>
    <trkpt lat="-35.31156588" lon="139.51095785"><ele>10.000</ele></trkpt>
    <trkpt lat="-35.31153884" lon="139.51095618"><ele>10.000</ele></trkpt>
    <trkpt lat="-35.31151622" lon="139.51095691"><ele>10.000</ele></trkpt>
    <trkpt lat="-35.31142202" lon="139.51096869"><ele>10.000</ele></trkpt>
    <trkpt lat="-35.31106427" lon="139.51100141"><ele>10.000</ele></trkpt>
    <trkpt lat="-35.31061073" lon="139.51103545"><ele>14.000</ele></trkpt>
    <trkpt lat="-35.31017078" lon="139.51107458"><ele>13.000</ele></trkpt>
    <trkpt lat="-35.30971085" lon="139.51111418"><ele>12.000</ele></trkpt>
    <trkpt lat="-35.30926916" lon="139.51115069"><ele>13.000</ele></trkpt>
    <trkpt lat="-35.30874079" lon="139.51119531"><ele>15.000</ele></trkpt>
    <trkpt lat="-35.30836345" lon="139.51122757"><ele>15.000</ele></trkpt>
    <trkpt lat="-35.30831908" lon="139.51123053"><ele>15.000</ele></trkpt>
  </trkseg></trk>
</gpx>
